parameter,Estimate,Est.Error,Q2.5,Q97.5
b_Intercept,27.785988377802553,21.218644561045814,10.34935298710578,82.34555524649947
sd_fml__Intercept,1.9230088979030524,1.767405548182515,0.07431199228625823,6.474878800727465
sd_fml__pocn_temp_scaled,1.0675952349560034,1.0153030817497546,0.03150951277228643,3.6895945445160856
sd_tna_trimmed__Intercept,1.8376741196211903,1.6999860931223354,0.0660836787456292,6.143827850439198
sd_tna_trimmed__pocn_temp_scaled,1.0368786967389325,1.0061439148108526,0.040514558481844654,3.5449228440277385
cor_fml__Intercept__pocn_temp_scaled,0.04560672842687316,0.5767548840705209,-0.9448540129652382,0.9473106308817091
cor_tna_trimmed__Intercept__pocn_temp_scaled,0.046279406952583625,0.5798574054685474,-0.9466752755076221,0.9607666959739789
"r_fml[Anomiidae,Intercept]",0.04947699272379921,2.5891207492932575,-5.445583870726102,5.490473491103678
"r_fml[Antillocaprinidae,Intercept]",-0.04929415779053933,2.671333240450651,-5.713829836019484,5.297765037075119
"r_fml[Arcidae,Intercept]",0.024378127943791083,2.5450402531404888,-5.397809107250006,5.5812974619725715
"r_fml[Arcticidae,Intercept]",0.0021558709085650264,2.5635237773265613,-5.262325104251804,5.221868801669195
"r_fml[Astartidae,Intercept]",0.011002458776030519,2.6076650417751956,-5.685899115274085,5.790957956835613
"r_fml[Bakevelliidae,Intercept]",-0.005117956312517209,2.5885146162746717,-5.181782205461177,5.241466057287677
"r_fml[Buchiidae,Intercept]",0.006035212735545557,2.5526694322459296,-5.381101846370361,5.476218372593214
"r_fml[Cardiidae,Intercept]",0.07799572784026913,2.5624310049406325,-5.163569715407847,5.635896870209902
"r_fml[Cardiolariidae,Intercept]",0.017916487930296914,2.5266864928606503,-5.542135946370165,5.307949672926526
"r_fml[Carditidae,Intercept]",-0.11710813934976674,2.5005993496746637,-5.697385795219922,4.929580481518328
"r_fml[Condylocardiidae,Intercept]",-0.02186649633360759,2.6420065663042362,-5.625735182218179,5.387064902248552
"r_fml[Corbiculidae,Intercept]",0.043934957045102065,2.650826679395452,-5.144422509488701,5.757530011095085
"r_fml[Corbulidae,Intercept]",0.023094650740027933,2.4575929094246516,-5.297197000708846,5.5173123998189775
"r_fml[Crassatellidae,Intercept]",0.046160118753009675,2.5784588097791117,-5.271290272834681,5.804103261486233
"r_fml[Cucullaeidae,Intercept]",0.0337565504084301,2.558619842934162,-5.290455349613218,5.458747605134017
"r_fml[Cuspidariidae,Intercept]",0.030282437340298046,2.6006538970377115,-5.299591350070607,5.441649313125389
"r_fml[Dimyidae,Intercept]",0.055903862554299834,2.6170554029992577,-5.242940944683689,5.338156416201522
"r_fml[Donacidae,Intercept]",-0.04750907967113859,2.5936197381641333,-5.623573350896131,5.139351681521591
"r_fml[Entoliidae,Intercept]",0.013884036085141776,2.681712825851618,-5.599697493185255,5.542265725317203
"r_fml[Flemingostreidae,Intercept]",0.026172602008525597,2.6547386869598206,-5.306107571481579,5.531037496479443
"r_fml[Glycymerididae,Intercept]",0.08065958640919155,2.560110394932369,-4.926757277971248,5.720828946970517
"r_fml[Gryphaeidae,Intercept]",-5.409916206612028e-4,2.584516264216216,-5.446167139855174,5.050515204322737
"r_fml[Hiatellidae,Intercept]",0.02633951089650093,2.6773184884245618,-5.547312718899622,5.548112466529579
"r_fml[Hippuritidae,Intercept]",0.047884217929564134,2.5247720174669657,-5.004148742248878,5.700824339081882
"r_fml[Inoceramidae,Intercept]",0.05906004512980804,2.5788848622033944,-5.172150174613485,5.535412690615347
"r_fml[Jilinoconchidae,Intercept]",0.012851142994186793,2.609889263229548,-5.2657965957150115,5.6399353314659155
"r_fml[Lahillidae,Intercept]",0.03067934383791381,2.589423392475815,-5.00694843345988,5.385174681235938
"r_fml[Laternulidae,Intercept]",0.052895820241731395,2.5697049275081794,-5.195600268078067,5.608499995137346
"r_fml[Limidae,Intercept]",0.03182243545290172,2.5544458221816533,-5.235914663468161,5.257461996252987
"r_fml[Lucinidae,Intercept]",-0.011799417291362559,2.5306089241319314,-5.4336852738714985,5.405055928579862
"r_fml[Mactridae,Intercept]",-0.010201675916777299,2.519904868357589,-5.441343274036917,5.437512929985785
"r_fml[Mactromyidae,Intercept]",-0.04878998328710902,2.6049372279521936,-5.541850545908907,5.095722360742203
"r_fml[Malletiidae,Intercept]",0.038788095447393686,2.6005834951130016,-5.110191752960724,5.580770993832432
"r_fml[Megatrigoniidae,Intercept]",-0.004111889000039603,2.5942912336029105,-5.401935618750891,5.323668756453331
"r_fml[Monopleuridae,Intercept]",-0.056908018265047655,2.5023021214774777,-5.451270110058526,5.204164376336063
"r_fml[Mytilidae,Intercept]",0.047042504680821176,2.5751028552866297,-5.153445141993941,5.601401943380204
"r_fml[Neitheidae,Intercept]",0.03309361236709863,2.612795440332006,-5.263571156703032,5.584197755359095
"r_fml[Nuculanidae,Intercept]",0.014680914407264328,2.5232045217284007,-5.205152506094287,5.124401228714983
"r_fml[Nuculidae,Intercept]",0.04134959581408889,2.566602980962721,-5.219244336910047,5.363966517373069
"r_fml[Ostreidae,Intercept]",0.012628754662504052,2.598513204622871,-5.3759284704401935,5.3743477002057105
"r_fml[Oxytomidae,Intercept]",-0.026098264804188896,2.5424692936288538,-5.327193095145851,5.197745133788868
"r_fml[Parallelodontidae,Intercept]",0.012451543807069742,2.5195410566505534,-5.158321321955321,5.299338204820259
"r_fml[Pectinidae,Intercept]",0.04619840366166738,2.551276245728356,-5.293905433576189,5.554876059735257
"r_fml[Pharidae,Intercept]",0.027896866076102356,2.4104734381531934,-5.257951152904026,5.080991220482535
"r_fml[Pholadomyidae,Intercept]",0.07884814275779355,2.6383818883705517,-5.286921819926638,5.558625409148796
"r_fml[Pinnidae,Intercept]",-0.01949962359648117,2.5486275228690762,-5.359515216494486,5.350314616297819
"r_fml[Plagioptychidae,Intercept]",0.05250341988249657,2.4504367996672456,-5.317583208161544,5.122068634471152
"r_fml[Pleuromyidae,Intercept]",0.01639826432694326,2.644830522042625,-5.341304219973466,5.914048801999906
"r_fml[Plicatulidae,Intercept]",-0.0020048715833545167,2.6311873639200862,-5.524287144712998,5.523681134420163
"r_fml[Poromyidae,Intercept]",-0.01778800486932155,2.5579207214767514,-5.503123725531847,5.146880064986095
"r_fml[Propeamussiidae,Intercept]",0.01684346870119805,2.5316789419740338,-5.357797300878873,5.4090118851349756
"r_fml[Radiolitidae,Intercept]",0.07800740043963715,2.5934263067794796,-4.935547462400618,5.464798240499575
"r_fml[Sareptidae,Intercept]",-0.02421719956790012,2.538142481831731,-5.594933168018497,5.291331755040119
"r_fml[Spondylidae,Intercept]",-0.012053987581173226,2.7609185821638107,-5.9565300102602565,5.554186495771494
"r_fml[Steinmanellidae,Intercept]",-0.02110836640851736,2.610363421338634,-5.324467859368049,5.413648175296353
"r_fml[Tancrediidae,Intercept]",0.00575056593669514,2.60208734516981,-5.340871787365354,5.460242467185302
"r_fml[Tellinidae,Intercept]",0.020122825400081194,2.5580618838216425,-5.280017826653761,5.501173075060459
"r_fml[Terquemiidae,Intercept]",0.014280150726128,2.6450165615798036,-5.411567025089142,5.3948829197418755
"r_fml[Thyasiridae,Intercept]",-0.015361632763204007,2.6056038959457855,-5.261639336002624,5.503458434152447
"r_fml[Trechmannellidae,Intercept]",0.050194179177175564,2.6327440201002155,-5.386089998323866,5.591417371668439
"r_fml[Trigoniidae,Intercept]",0.0230903173122668,2.5920424907386828,-5.215438450047814,5.426729743046136
"r_fml[Unionidae,Intercept]",-0.0013031689094832035,2.490092789787332,-5.162461230169818,5.373666387441279
"r_fml[Veneridae,Intercept]",-0.006945466640640374,2.5838611847695874,-5.236463113973021,5.388508097039007
"r_fml[Yoldiidae,Intercept]",0.04808800483726947,2.604360570541549,-5.099734063608273,5.677155601362031
"r_fml[Anomiidae,pocn_temp_scaled]",-6.177436857057824e-4,1.429596862863116,-3.020262282714834,3.010754462531886
"r_fml[Antillocaprinidae,pocn_temp_scaled]",-0.014556441465636396,1.5322947566183556,-3.1363610522083922,3.0504742586576774
"r_fml[Arcidae,pocn_temp_scaled]",0.003512152847903901,1.4493315208921937,-3.001310635052357,3.020885644795471
"r_fml[Arcticidae,pocn_temp_scaled]",-0.013905248573249564,1.4824950774953733,-3.0358282038553654,3.067604679385891
"r_fml[Astartidae,pocn_temp_scaled]",-0.02170840767012739,1.4316661180833452,-3.1123643818333515,2.9789121377819727
"r_fml[Bakevelliidae,pocn_temp_scaled]",0.01638497927110669,1.4956615528126236,-3.0119510438392596,3.1660322517848822
"r_fml[Buchiidae,pocn_temp_scaled]",-0.05091599996127303,1.3405303067567775,-3.0941873727039666,2.6837214354851104
"r_fml[Cardiidae,pocn_temp_scaled]",0.015970368975068365,1.4968413093516064,-3.018522856137404,3.196126531499507
"r_fml[Cardiolariidae,pocn_temp_scaled]",-0.006240984868458625,1.497527298661144,-3.11184221046982,3.1709775134296327
"r_fml[Carditidae,pocn_temp_scaled]",0.014612237633430274,1.3969316288718714,-2.961062203360153,3.0354708259463754
"r_fml[Condylocardiidae,pocn_temp_scaled]",0.018183431986840023,1.489045300346734,-3.0338029583281165,3.082079434137892
"r_fml[Corbiculidae,pocn_temp_scaled]",-0.00180369698881185,1.531750358957819,-3.2237668060470632,3.2237058090254793
"r_fml[Corbulidae,pocn_temp_scaled]",-0.017793894377671465,1.4467275135827136,-3.1504122297094934,2.95959040077484
"r_fml[Crassatellidae,pocn_temp_scaled]",-0.031011187449324136,1.4830994187023399,-3.2907573374452634,3.001334083209755
"r_fml[Cucullaeidae,pocn_temp_scaled]",0.01116691027505681,1.4536491023175946,-3.0284893748751704,3.159916171420234
"r_fml[Cuspidariidae,pocn_temp_scaled]",0.02460436098036874,1.504505231152369,-2.985589606421187,3.095562372445326
"r_fml[Dimyidae,pocn_temp_scaled]",-0.010619785344885262,1.528691764704836,-3.206100707647513,3.042458895001287
"r_fml[Donacidae,pocn_temp_scaled]",0.01960003368087651,1.5364740399090953,-3.0008058155673205,3.066928866779376
"r_fml[Entoliidae,pocn_temp_scaled]",-0.05634782276317309,1.4381430183357247,-3.290556753459057,2.808635991169653
"r_fml[Flemingostreidae,pocn_temp_scaled]",-0.015360043645820541,1.4581049673660997,-3.1027781357578936,3.03886994725625
"r_fml[Glycymerididae,pocn_temp_scaled]",0.026652175560856754,1.4408793468305645,-2.984770531282515,3.1095239832373576
"r_fml[Gryphaeidae,pocn_temp_scaled]",0.045469763429733225,1.4659037411669114,-2.9712854468659313,3.2145423056602103
"r_fml[Hiatellidae,pocn_temp_scaled]",-0.06533704048367583,1.37383294691036,-3.2089562229422754,2.76237543398007
"r_fml[Hippuritidae,pocn_temp_scaled]",-0.014047163687982091,1.4177252825128712,-3.0233408320263666,2.8145228418699877
"r_fml[Inoceramidae,pocn_temp_scaled]",-0.05424519333812061,1.3967543189259715,-3.139237338115884,2.7908683262469234
"r_fml[Jilinoconchidae,pocn_temp_scaled]",0.0024075612601428585,1.4953348941224938,-3.038575710146418,3.1050092339308826
"r_fml[Lahillidae,pocn_temp_scaled]",-0.026549623830007838,1.384612809322061,-2.984105373797315,2.7656565726374494
"r_fml[Laternulidae,pocn_temp_scaled]",0.006682101385284622,1.4728792944365368,-3.087057942607341,3.0689689893970575
"r_fml[Limidae,pocn_temp_scaled]",-0.03931328258333116,1.4005528114095103,-3.0590917094526313,2.829756202153341
"r_fml[Lucinidae,pocn_temp_scaled]",-0.029722686259371252,1.481532558413947,-3.2449290550874585,3.0436971009814533
"r_fml[Mactridae,pocn_temp_scaled]",-0.017399031721923103,1.4402528638474705,-3.018273509543161,2.977737550432486
"r_fml[Mactromyidae,pocn_temp_scaled]",0.034332489803017556,1.4473868581360305,-2.888910968983738,3.263645449972017
"r_fml[Malletiidae,pocn_temp_scaled]",-0.06332884173631272,1.4739415565197722,-3.287906266461869,2.7902841480159037
"r_fml[Megatrigoniidae,pocn_temp_scaled]",-1.9564938637945469e-4,1.5001136721618313,-3.1006850744577408,3.1331457050432805
"r_fml[Monopleuridae,pocn_temp_scaled]",-0.004497469067022788,1.4557464277063317,-3.180096438811533,3.064932468397361
"r_fml[Mytilidae,pocn_temp_scaled]",0.018783638908458553,1.467798365356907,-2.953266235939035,3.093118576908579
"r_fml[Neitheidae,pocn_temp_scaled]",0.013869445323401416,1.521893438171994,-3.051381907335749,3.0737578860336443
"r_fml[Nuculanidae,pocn_temp_scaled]",0.0020457508732314228,1.4745170672079233,-3.1922407454671546,2.985767105515756
"r_fml[Nuculidae,pocn_temp_scaled]",-0.05082234651412398,1.4078621758113885,-3.1164957922524095,2.644968335935817
"r_fml[Ostreidae,pocn_temp_scaled]",0.020183306490606557,1.4453394132414477,-2.9881362087940677,3.1929196136789413
"r_fml[Oxytomidae,pocn_temp_scaled]",-0.03489826502942913,1.435337533073192,-3.1702978473014123,2.937323851249579
"r_fml[Parallelodontidae,pocn_temp_scaled]",-0.016340059484146963,1.4378651865284242,-2.9459197025475232,2.9514269872738286
"r_fml[Pectinidae,pocn_temp_scaled]",-0.006363727818388353,1.4733430406187138,-3.0484936765796298,3.078599666410495
"r_fml[Pharidae,pocn_temp_scaled]",0.0047662293067868705,1.4038093842178352,-2.9369732398912256,3.020805734642993
"r_fml[Pholadomyidae,pocn_temp_scaled]",0.01012820190255978,1.4501742404403244,-2.9063597356584627,3.0417823402013053
"r_fml[Pinnidae,pocn_temp_scaled]",-0.001583062084772097,1.44626598330831,-3.0481906760453894,3.0215059498702956
"r_fml[Plagioptychidae,pocn_temp_scaled]",-0.06970390561728215,1.4098210727345573,-3.317406579378386,2.639696698548816
"r_fml[Pleuromyidae,pocn_temp_scaled]",0.01077081893472363,1.4627809532162408,-3.0596119046283303,3.06519990457711
"r_fml[Plicatulidae,pocn_temp_scaled]",0.015838134900598776,1.495681288092195,-3.000112490192673,3.1802746623171374
"r_fml[Poromyidae,pocn_temp_scaled]",-0.01431451101999293,1.4251292542797964,-3.1458117184568315,3.009229208495282
"r_fml[Propeamussiidae,pocn_temp_scaled]",0.019848265252116856,1.4877716788770208,-2.8476506506142845,3.224378298868389
"r_fml[Radiolitidae,pocn_temp_scaled]",-0.09685330769444556,1.425330614281147,-3.2718783247831555,2.5785791571788925
"r_fml[Sareptidae,pocn_temp_scaled]",0.02710241818018059,1.4535511962628924,-2.965961256611148,3.207840005661373
"r_fml[Spondylidae,pocn_temp_scaled]",0.0457858416329142,1.5301665200819592,-3.0439030119734363,3.3254146924758676
"r_fml[Steinmanellidae,pocn_temp_scaled]",-0.004806340246295327,1.4378961989202017,-2.903577837145771,3.0222423792378748
"r_fml[Tancrediidae,pocn_temp_scaled]",0.00575875071929362,1.456863505349095,-2.9175232295948663,3.065743782535285
"r_fml[Tellinidae,pocn_temp_scaled]",0.005923206456277824,1.446160970037521,-3.0211621703050127,3.063283662579565
"r_fml[Terquemiidae,pocn_temp_scaled]",0.0034106817112207156,1.5357177539944686,-3.21053839595861,3.1936537981782593
"r_fml[Thyasiridae,pocn_temp_scaled]",-0.040170896235370374,1.3999570982985978,-3.1485185765725427,2.8105955909287093
"r_fml[Trechmannellidae,pocn_temp_scaled]",0.015664473943237823,1.4311352464507008,-3.174263907518615,3.1111651016547106
"r_fml[Trigoniidae,pocn_temp_scaled]",-0.031873313690975104,1.3774290572203878,-2.9841296773325467,2.759028106551799
"r_fml[Unionidae,pocn_temp_scaled]",-0.03495662694381895,1.4139130684989338,-3.297708741057387,2.956521249909878
"r_fml[Veneridae,pocn_temp_scaled]",-0.030236405347317984,1.424094453260258,-3.057241673489896,2.9417367790455002
"r_fml[Yoldiidae,pocn_temp_scaled]",-0.03679476795166053,1.5193909997224337,-3.283574930723468,3.032173927854929
"r_tna_trimmed[idonearca.capax,Intercept]",0.017609477306652594,2.4548960435118303,-5.135522091862552,5.282874308123164
"r_tna_trimmed[crenella.elegantula,Intercept]",-0.02701649636556361,2.547260637800836,-5.403456015771758,5.0492811651378595
"r_tna_trimmed[tenuipteria.argentea,Intercept]",0.048205948163868854,2.45973148052746,-5.0274406913534895,5.420620800245375
"r_tna_trimmed[camptonectes.bubonis,Intercept]",0.030967434307588314,2.525275531898732,-5.273824615029895,5.534497473741904
"r_tna_trimmed[anomia.ornata,Intercept]",0.04244363113486909,2.591464500734447,-5.368133641608624,5.284503429131637
"r_tna_trimmed[limatula.acutilineata,Intercept]",-0.014513168692689475,2.395863222409055,-5.2191883447742695,5.28469239440812
"r_tna_trimmed[gryphaeostrea.vomer,Intercept]",0.0031313702709518934,2.5048590179982804,-5.183770538272866,5.419360505234868
"r_tna_trimmed[crassatella.vadosa,Intercept]",0.05767038353115831,2.5131036821339543,-4.977778196061533,5.4427138746684385
"r_tna_trimmed[scambula.perplana,Intercept]",-0.01561552342933759,2.514938979896976,-5.3710651410496055,5.339396365708618
"r_tna_trimmed[leptosolen.biplicata,Intercept]",0.010495667519206674,2.444737676363509,-5.2486206015062296,5.183405362856205
"r_tna_trimmed[aenona.eufaulensis,Intercept]",-0.010476807664656846,2.536995691848038,-5.480504632209402,5.316779841433932
"r_tna_trimmed[veniella.conradi,Intercept]",-0.0015963632080285538,2.5412612209397887,-5.089413245980723,5.445063323645974
"r_tna_trimmed[caestocorbula.crassiplica,Intercept]",-0.00580102379299236,2.493357712408041,-5.33379987860751,5.100151265831636
"r_tna_trimmed[anatimya.anteradiata,Intercept]",0.020207452127275184,2.5469852410976634,-5.157179814322412,5.292334928997502
"r_tna_trimmed[liopistha.protexta,Intercept]",0.002998894861701962,2.547985431349184,-5.144549160491623,5.033550131667809
"r_tna_trimmed[brevicardium.fragile,Intercept]",-0.046645969298683164,2.5438567570435486,-5.530296553959102,5.273851217932381
"r_tna_trimmed[crenella.serica,Intercept]",0.025313804944737586,2.4283289828481176,-5.151614517798626,5.257359037644675
"r_tna_trimmed[exogyra.costata,Intercept]",0.04121642892748315,2.538893402247261,-5.223552894296677,5.455365269544832
"r_tna_trimmed[pholadomya.occidentalis,Intercept]",-0.08271138335881388,2.3920362057581426,-5.382135329722505,4.868472999535754
"r_tna_trimmed[pinna.laqueata,Intercept]",-0.034414412582736434,2.5041799365831787,-5.64676925643187,5.173402722539612
"r_tna_trimmed[lima.pelagica,Intercept]",0.021990705370226318,2.479096377026035,-5.133193517169847,5.49672703167633
"r_tna_trimmed[pinna.cretacea,Intercept]",0.03916017791250334,2.484868412826268,-5.2625076547484415,5.419911404730148
"r_tna_trimmed[entolium.membranaceum,Intercept]",0.040787780264305316,2.5715570355530804,-5.2202254706711715,5.357747346207373
"r_tna_trimmed[camptonectes.virgatus,Intercept]",0.09145314764560966,2.4823454406530168,-4.723598955743854,5.502951292644905
"r_tna_trimmed[dhondtichlamys.pulchellus,Intercept]",-0.017774799236813257,2.5581143115670426,-5.442547114391756,5.184903211929486
"r_tna_trimmed[merklinia.variabilis,Intercept]",0.037838229442534274,2.557238362109843,-5.373723689577713,5.527582554549647
"r_tna_trimmed[neithea.sexcostata,Intercept]",-0.002561689231272239,2.486057397295179,-5.176514607044404,5.255337304358163
"r_tna_trimmed[spondylus.fimbriatus,Intercept]",0.04977608110965244,2.467327304522707,-5.227421807474569,5.454323484618535
"r_tna_trimmed[newaagia.obliquus,Intercept]",0.004758356539695347,2.521553242894031,-5.283452964371036,5.404068068331593
"r_tna_trimmed[atreta.nilssoni,Intercept]",0.015874163307498104,2.5141268542852453,-5.2935995778347635,5.321393453198358
"r_tna_trimmed[plagiostoma.hoperi,Intercept]",-0.029525757923938734,2.5298849727579342,-5.306254277325458,5.316146042240902
"r_tna_trimmed[limatula.decussata,Intercept]",-0.01590613411729502,2.5264676202241074,-5.30112394156381,5.5656629950645335
"r_tna_trimmed[pycnodonte.vesicularis,Intercept]",0.042836844089669056,2.5075697694427004,-5.21163241941272,5.382752016884616
"r_tna_trimmed[agerostrea.ungulatus,Intercept]",0.0013819406395672736,2.4590539257761876,-5.34764844252008,5.187043201760875
"r_tna_trimmed[portlandia.arctica,Intercept]",0.0030052747735706464,2.5415216045392355,-5.455667486132454,5.440694283153459
"r_tna_trimmed[barbatia.geinitzi,Intercept]",-0.004676696407747182,2.5697996614946317,-5.276720782788601,5.2672817279664965
"r_tna_trimmed[inoceramus.balticus,Intercept]",-0.03149811701692977,2.39744899666589,-5.175443803605809,4.988564980843705
"r_tna_trimmed[endocostea.regularis,Intercept]",-0.03865682670525417,2.4957325469576017,-5.411217909676176,4.758918136059286
"r_tna_trimmed[neithea.striatocostata,Intercept]",-0.046241634738666076,2.582237853660924,-5.471081395334986,5.259796404887613
"r_tna_trimmed[propeamussium.inversum,Intercept]",-0.029617539181559075,2.427745935458993,-5.265467933018121,5.058427391081571
"r_tna_trimmed[syncyclonema.haeggi,Intercept]",-0.005228808668550068,2.512052666926451,-5.4086711077165885,5.38036591645009
"r_tna_trimmed[syncyclonema.nilsoni,Intercept]",0.02701213836833192,2.4398351850334308,-5.05017927995207,5.400189986809914
"r_tna_trimmed[syncyclonema.semiplicata,Intercept]",-0.037673170709314766,2.448990571036563,-5.3098795546755815,5.175772062349413
"r_tna_trimmed[hyotissa.semiplana,Intercept]",-0.03526768607422756,2.545620727406443,-5.480469643919455,5.408770525431076
"r_tna_trimmed[buchia.crassicollis,Intercept]",0.023762106524676585,2.4247582968010226,-4.947525907133971,5.31564561385148
"r_tna_trimmed[pseudoptera.coerulescens,Intercept]",0.03446592973997433,2.542160449007565,-5.352494236541476,5.4187070797751025
"r_tna_trimmed[gryphaeostrea.lateralis,Intercept]",-0.005396483824080066,2.544940341045041,-5.232184591329537,5.420654643071575
"r_tna_trimmed[acutostrea.incurva,Intercept]",0.002516848864658356,2.419063252286007,-5.035094916162728,5.132376268454329
"r_tna_trimmed[curvostrea.tevesthensis,Intercept]",0.04167302256716264,2.4809368384957753,-5.018972182908517,5.277933180765773
"r_tna_trimmed[agerostrea.falcata,Intercept]",-0.039399242807608655,2.613801849392116,-5.424295036620554,5.384163722438345
"r_tna_trimmed[modiolus.aequalis,Intercept]",0.030721217484085406,2.4836203476023746,-4.928676510987041,5.396277694128339
"r_tna_trimmed[neithea.quinquecostata,Intercept]",-0.013078087659370827,2.476559795324135,-5.277571033522438,5.131361917759557
"r_tna_trimmed[amphidonte.pliciferum,Intercept]",0.01548715695063438,2.5502281795358015,-5.1668519267009225,5.5717706793163355
"r_tna_trimmed[biradiolites.lameracensis,Intercept]",-0.006874289604703639,2.4096823468906985,-5.2598957252323,5.017157839792521
"r_tna_trimmed[radiolites.spongicola,Intercept]",0.05409592867750989,2.5638802650576427,-5.267452729381199,5.29387044631763
"r_tna_trimmed[trigonarca.angolensis,Intercept]",-0.014641998944380298,2.515618320055889,-5.308326361427947,5.3869770552821254
"r_tna_trimmed[pseudocucullaea.lens,Intercept]",0.01572566864112609,2.441387451981414,-5.103389135116611,5.183149229992497
"r_tna_trimmed[plicatula.ibo,Intercept]",0.05973130797041239,2.504941301148624,-4.820023547777435,5.542733483376793
"r_tna_trimmed[cataceramus.bantu,Intercept]",0.013045040958816013,2.4646696716184815,-5.195821919461232,5.024088314941786
"r_tna_trimmed[veniella.undata,Intercept]",-0.009799236599400445,2.4937916092396395,-5.353858776584059,5.3396288912819045
"r_tna_trimmed[anofia.aro,Intercept]",0.0338276426481656,2.5946444317929225,-5.131126295061362,5.527009515601195
"r_tna_trimmed[cardium.subperobliquum,Intercept]",0.005832683786897061,2.4870235009566213,-5.21329159310565,5.4216302327892025
"r_tna_trimmed[nuculopsis.elongata,Intercept]",-0.011126552746220878,2.4698421744528574,-5.322676500715165,5.135074351784134
"r_tna_trimmed[curvostrea.rouvillei,Intercept]",-0.01598463161438428,2.454733504049507,-5.175621470329796,5.125523667547443
"r_tna_trimmed[crassatella.arcacea,Intercept]",0.02144568536576835,2.5115706388096446,-5.32587899537744,5.637991174075948
"r_tna_trimmed[panopea.regularis,Intercept]",-0.044474193285846335,2.4290433562633074,-5.312488924585775,5.316248706333023
"r_tna_trimmed[pleuromya.elongata,Intercept]",0.011745598328880702,2.4402411052683326,-5.203036372602835,5.227253018622782
"r_tna_trimmed[calva.varians,Intercept]",0.04936798404017972,2.4935038159940808,-5.147046254791588,5.260654858175375
"r_tna_trimmed[panzacorbula.pozo,Intercept]",-0.011581720200752453,2.5660112011810985,-5.386092110321462,5.2466822420112305
"r_tna_trimmed[glycymeris.apletos,Intercept]",-0.01729100530702978,2.576411841169139,-5.4421949677097485,5.471465812776702
"r_tna_trimmed[popenoella.hemphilli,Intercept]",0.01326493023364787,2.5422458472297453,-5.320339258728905,5.26603668098076
"r_tna_trimmed[trinacria.cor,Intercept]",0.011003728334672924,2.4202294775244844,-4.953653805341536,5.125951023348161
"r_tna_trimmed[inoceramus.fibrosus,Intercept]",0.03071152472780835,2.4910628552817724,-5.331931883690032,5.36230550353516
"r_tna_trimmed[nucula.cancellata,Intercept]",-0.028775449921279152,2.590196271624745,-5.381202073895147,4.977529784970299
"r_tna_trimmed[nucula.planimarginata,Intercept]",0.0372273339293083,2.4684044089683645,-5.166064377513161,5.322159705439575
"r_tna_trimmed[pteria.nebrascana,Intercept]",0.026782325514120672,2.5196726651579247,-5.236666789794704,5.315504641945645
"r_tna_trimmed[exogyra.overwegi,Intercept]",0.06639067273329176,2.46643177000109,-5.016672972339908,5.308341367915594
"r_tna_trimmed[panopea.clausa,Intercept]",0.0377045311172228,2.5170122984316956,-4.9748391956201,5.212040252305264
"r_tna_trimmed[nucula.suboblonga,Intercept]",-0.0033225478182487317,2.4616427392306814,-5.485610307294924,5.332877641933057
"r_tna_trimmed[seymourtula.antarctica,Intercept]",-0.029991450192307815,2.5242054266157767,-5.4691822721792756,5.030144054021075
"r_tna_trimmed[conchocele.townsendi,Intercept]",-0.015868346572785158,2.479281562711195,-5.2573484126806,5.007460527441923
"r_tna_trimmed[cubitostrea.tecticosta,Intercept]",-0.00565607277467729,2.4988492877984636,-5.332474041215706,5.432569307459257
"r_tna_trimmed[lima.reticulata,Intercept]",0.05742787793737441,2.4481305935082434,-4.879477894050454,5.358738419127529
"r_tna_trimmed[pterotrigonia.thoracica,Intercept]",-0.01966364399094819,2.399688489559899,-5.081416492319622,4.976516865077865
"r_tna_trimmed[trachycardium.eufaulensis,Intercept]",0.04945785641862495,2.4748966720609107,-5.083531503398884,5.296689533592671
"r_tna_trimmed[anomia.argentaria,Intercept]",0.008502893765450232,2.5429130731089047,-5.333261585084886,5.467099048141059
"r_tna_trimmed[bathytormus.pteropsis,Intercept]",0.03814479594578981,2.4563441401130963,-5.206220489792326,5.41429145260301
"r_tna_trimmed[caestocorbula.crassaplica,Intercept]",0.023002631232607977,2.4903144586751504,-5.2064717431417025,5.2572095611168885
"r_tna_trimmed[corbula.monmouthensis,Intercept]",0.03031707578558029,2.4066015316513294,-5.017726582958619,5.299154069174997
"r_tna_trimmed[liothyris.carolinensis,Intercept]",0.03550557066183499,2.5254336434103344,-5.276506229731538,5.485199164343612
"r_tna_trimmed[nemodon.grandis,Intercept]",-0.022617424955737344,2.444476851261434,-5.069749214974037,5.176810547024048
"r_tna_trimmed[praeleda.compar,Intercept]",-0.025990091124686122,2.582426429130198,-5.531204883770071,5.130168295423388
"r_tna_trimmed[nymphalucina.linearia,Intercept]",0.019540928958076086,2.3979619559326255,-5.059328729113605,4.979109862708499
"r_tna_trimmed[pterotrigonia.eufaulensis,Intercept]",-0.030954873981891725,2.5282135509164934,-5.326466180119327,5.0507472494858145
"r_tna_trimmed[cucullaea.littlei,Intercept]",0.05830653662155083,2.520494463633617,-5.173953833331136,5.189997590242108
"r_tna_trimmed[lopha.mesenterica,Intercept]",-0.013925360414567788,2.5384834246703463,-5.405752803752843,5.178140158349688
"r_tna_trimmed[ostrea.plumosa,Intercept]",-0.015610946965457761,2.5113813613533567,-5.262939013108454,5.25564715454025
"r_tna_trimmed[cuna.texana,Intercept]",-0.018986142860665915,2.6473688391334553,-5.554984084851312,5.361435965496357
"r_tna_trimmed[etea.carolinensis,Intercept]",0.02343760680685174,2.4294073859639185,-5.130673608486754,5.274990023838448
"r_tna_trimmed[plicatula.tetrica,Intercept]",0.06479137236622948,2.5153490609886613,-5.185956053902693,5.671365395594179
"r_tna_trimmed[gervilliopsis.ensiformis,Intercept]",-0.011313786721695352,2.5541663163073025,-5.358806695595244,5.365968793178388
"r_tna_trimmed[nucula.cunifrons,Intercept]",0.0071320480877613375,2.4109224868973853,-5.066983492249979,5.076998989932119
"r_tna_trimmed[chlamys.cretosus,Intercept]",-0.029467519630998185,2.46089028840086,-5.263181429017245,5.013491465205767
"r_tna_trimmed[lima.sellardsi,Intercept]",-0.013615400602543879,2.6256339529127204,-5.04415740697709,5.255471696018101
"r_tna_trimmed[cuspidaria.grandis,Intercept]",0.009550988700861289,2.5353583851455306,-5.1124907188300455,5.228671764932288
"r_tna_trimmed[idonearca.powersi,Intercept]",0.027429089561614602,2.4797233302068697,-4.9148602566791855,5.175043794468808
"r_tna_trimmed[lima.geronimoensis,Intercept]",-0.05705011179805102,2.4644949375543868,-5.424930438561034,5.007077152024358
"r_tna_trimmed[solyma.elliptica,Intercept]",0.00671862874081022,2.549855439916053,-5.376613075284284,5.2046765420183565
"r_tna_trimmed[lucina.parvilineata,Intercept]",-0.01427899594605999,2.532776678348241,-5.252546558522765,5.373789545913404
"r_tna_trimmed[syncyclonema.kingi,Intercept]",-0.0255195228497208,2.467170911826229,-5.118778151443854,5.330932835664578
"r_tna_trimmed[nuculana.rostratruncata,Intercept]",0.03818944949299665,2.5089550642358383,-5.50750293403892,5.391878342697719
"r_tna_trimmed[sourimis.georgiana,Intercept]",-0.004307707472548451,2.5374610673080964,-5.291194659730755,5.307132066303548
"r_tna_trimmed[lima.kimbroensis,Intercept]",-0.04886901246630062,2.5994060504520995,-5.378096394868073,5.012041141375577
"r_tna_trimmed[cuspidaria.grovensis,Intercept]",-0.015433360981932676,2.479424203900932,-5.231000935710248,5.234053395425395
"r_tna_trimmed[ostrea.congesta,Intercept]",0.019914150291560784,2.627517590222926,-5.464820814639131,5.423572304738747
"r_tna_trimmed[cuneolus.tippana,Intercept]",-0.016607578095550867,2.5337945614184028,-5.462366442410314,5.173082197645585
"r_tna_trimmed[agerostrea.mesenterica,Intercept]",0.011380693414721765,2.520472017049713,-5.242063954467256,5.32234146043379
"r_tna_trimmed[astarte.similis,Intercept]",0.0458006686943504,2.4440112436434203,-5.114517985951122,5.19707832223825
"r_tna_trimmed[corbula.paracrassa,Intercept]",0.011628758906242027,2.5307186044450534,-5.097400079177706,5.4055020989912865
"r_tna_trimmed[plicatula.ferryi,Intercept]",0.014814979618599764,2.380944598840812,-5.068090015653741,5.0623385319652145
"r_tna_trimmed[barbatia.carolinensis,Intercept]",0.027376035213936705,2.5553521745966674,-5.336779240764618,5.312622860869933
"r_tna_trimmed[crassatella.hodgei,Intercept]",0.016526227272376143,2.4621129758122513,-5.325566911653753,5.186167153070029
"r_tna_trimmed[nucula.stantoni,Intercept]",-0.0044797251849450735,2.511806305123595,-5.402023199559512,5.279167060733432
"r_tna_trimmed[mytiloides.striatoconcentricus,Intercept]",-0.0217379643811122,2.417299133463995,-5.2260358357750025,5.002648951531806
"r_tna_trimmed[amphidonte.pyrenaicum,Intercept]",0.00934943448605318,2.495837171269738,-5.292444969147893,5.343694141609478
"r_tna_trimmed[nucula.ovata,Intercept]",0.011167588080337213,2.508337331861482,-5.200376684418754,5.251396742312408
"r_tna_trimmed[inoperna.flagellifera,Intercept]",-0.006601310447886452,2.4766452585003096,-5.206219620140834,5.1315386200922974
"r_tna_trimmed[gervillia.solenoidea,Intercept]",0.04296323469098042,2.4663749813802713,-5.055506871690458,5.387034213370785
"r_tna_trimmed[syncyclonema.gamsensis,Intercept]",-0.028741371911500672,2.511780676171566,-5.122377620600551,5.134434542855062
"r_tna_trimmed[lyropecten.acuteplicatus,Intercept]",0.01577879700716723,2.44907120255824,-5.291434799387069,5.2080192855006775
"r_tna_trimmed[lyropecten.campaniensis,Intercept]",-0.030854221103176503,2.4966705034435854,-5.398741519104638,5.199961571273914
"r_tna_trimmed[mimachlamys.cretosa,Intercept]",0.06169502731875464,2.4757954892167437,-4.811147492475216,5.493759044707936
"r_tna_trimmed[limatula.ovata,Intercept]",0.026590121675887472,2.542383051384828,-5.203604532561856,5.4852333153923825
"r_tna_trimmed[gryphaeostrea.canaliculata,Intercept]",-0.045189811051925995,2.5361987682357396,-5.712909080292371,5.435233345560018
"r_tna_trimmed[lucina.subnumismalis,Intercept]",0.004985949752247483,2.40963456737342,-5.049235499270937,5.142244140153728
"r_tna_trimmed[granocardium.productum,Intercept]",-0.024608415640648872,2.5418483160831316,-5.510345832466112,5.420796812673126
"r_tna_trimmed[pholadomya.esmarki,Intercept]",0.028278829583079493,2.5647687321331545,-4.9459847635010386,5.324145916405215
"r_tna_trimmed[pholadomya.decussata,Intercept]",0.024082872529488392,2.4417031126973794,-5.137880442130878,5.374641649977654
"r_tna_trimmed[septifer.lineatus,Intercept]",0.01214463326294294,2.4214643781184813,-5.332670479793526,5.131589906776502
"r_tna_trimmed[mimachlamys.denticulata,Intercept]",0.023274416343616038,2.6546284663886452,-5.237196220900788,5.403275106533985
"r_tna_trimmed[hippurites.cornucopiae,Intercept]",0.004502897225213996,2.4923406508522326,-5.40719699494062,5.395405258935965
"r_tna_trimmed[ostrea.diluviana,Intercept]",-0.03640315734669885,2.552906298514298,-5.524067130714314,5.198627260607101
"r_tna_trimmed[anomia.pseudoradiata,Intercept]",-0.008947385675099558,2.5476132616406164,-5.264762170046302,5.24571850607263
"r_tna_trimmed[ostrea.merceyi,Intercept]",-0.020940471657400206,2.4251001608814304,-5.239133145603955,5.11239483091268
"r_tna_trimmed[malayomaorica.malayomaorica,Intercept]",0.018234052495581635,2.443599958189348,-5.09716096242939,5.173444108900673
"r_tna_trimmed[caribbea.muellerriedi,Intercept]",0.038498313965799946,2.4513340119083056,-4.939547033762011,5.223527699760172
"r_tna_trimmed[liostrea.lehmanni,Intercept]",0.005739392650943599,2.4866670933547352,-5.255583291149377,5.322291577100277
"r_tna_trimmed[plicatounio.naktongensis,Intercept]",-0.03406381666160859,2.469290981364859,-5.367086895316632,5.076179635202594
"r_tna_trimmed[neithea.regularis,Intercept]",0.0028018706247507387,2.4260855950704174,-5.167776699762834,5.112555572669761
"r_tna_trimmed[crassatella.rothii,Intercept]",-0.04967993126459186,2.432428741114538,-5.512702330299749,5.116793710525455
"r_tna_trimmed[modiolus.carolinensis,Intercept]",-0.007910115796973996,2.4858021311298137,-5.116987222534099,5.239352879806648
"r_tna_trimmed[ostrea.sechura,Intercept]",0.015387183010435857,2.442373110300255,-5.1878764737138745,5.359033858647669
"r_tna_trimmed[perucardia.brueggeni,Intercept]",0.0460984415196223,2.4727312185243036,-5.106027475641312,5.495125720189028
"r_tna_trimmed[ambigostrea.villei,Intercept]",-0.059127661456827754,2.4043398512739085,-5.392189695561315,5.036816480976437
"r_tna_trimmed[australoneilo.gracilis,Intercept]",-0.0016166270857125623,2.592343093356528,-5.380578916164271,5.148809187521435
"r_tna_trimmed[lahillia.larseni,Intercept]",-0.0014975758273143619,2.461218463922554,-5.190087150442669,5.21771952120376
"r_tna_trimmed[radiolites.macroplicatus,Intercept]",0.027215089797322754,2.4962035190565874,-5.084362226607041,5.293426584371796
"r_tna_trimmed[chiapasella.radiolitiformis,Intercept]",0.04617714883618388,2.5751765338709265,-5.263460823513174,5.481418616674001
"r_tna_trimmed[antillocaprina.trilobata,Intercept]",-0.009323898697184944,2.513775932615358,-5.307451304657896,5.15005606020532
"r_tna_trimmed[hippuritella.lapeirousei,Intercept]",0.045803221147769906,2.766572243357467,-5.180284613288486,5.624692841007826
"r_tna_trimmed[trochoceramus.tricostatus,Intercept]",0.0262482348438636,2.4135049147478513,-5.152247929129042,5.056041224031527
"r_tna_trimmed[pacitrigonia.patagonica,Intercept]",0.03276811352524767,2.5872691978872746,-5.19776017619687,5.340691554263698
"r_tna_trimmed[bournonia.excavata,Intercept]",0.045308650755976086,2.4515177267999655,-5.054686514737862,5.383499372628432
"r_tna_trimmed[joufia.reticulata,Intercept]",0.03475196341354855,2.619458114311015,-5.334959783521177,5.36205069875117
"r_tna_trimmed[hippurites.colliciatus,Intercept]",0.02457928761524307,2.5398402500365607,-5.084952409865116,5.147424347412534
"r_tna_trimmed[mitrocaprina.bulgarica,Intercept]",-0.01384873745138961,2.420966460231964,-5.048562899128545,5.075434277008954
"r_tna_trimmed[radiolitella.maestrichtiana,Intercept]",-0.03125253683409169,2.4943223872050666,-5.505607332734563,4.925200069817344
"r_tna_trimmed[pironaea.slavonica,Intercept]",0.043857994316258773,2.510705078451596,-5.103896449050377,5.401723362075358
"r_tna_trimmed[medeella.zignana,Intercept]",0.006150918245135709,2.589510200586973,-5.4785795018896515,5.242666799738302
"r_tna_trimmed[ceratostreon.flabellatum,Intercept]",0.014160245274457937,2.5542770253257174,-5.137166803015217,5.598327999116459
"r_tna_trimmed[bournonia.bournoni,Intercept]",0.01398729831569622,2.485417834090876,-5.256945302747202,5.50088369038116
"r_tna_trimmed[mitrocaprina.tschoppi,Intercept]",-0.01163661089032653,2.558283118511494,-5.416488075555018,5.029481679709454
"r_tna_trimmed[parastroma.guitarti,Intercept]",0.03791403699270871,2.545929911752499,-5.2777306391501275,5.485263340835828
"r_tna_trimmed[grammatodon.sulcatinus,Intercept]",0.04210637321156118,2.49880554808702,-5.0990916490204095,5.285497951352541
"r_tna_trimmed[pinna.freneixae,Intercept]",0.00408464600742701,2.459352442472212,-5.115527217265945,5.253193276046221
"r_tna_trimmed[praeradiolites.hoeninghausi,Intercept]",-0.016070849251168536,2.49449813383844,-5.3135711340433565,5.394568981671145
"r_tna_trimmed[katzeria.hercegovinaensis,Intercept]",-0.019226441680858537,2.4486876467674996,-5.396995068405456,5.1594383907171
"r_tna_trimmed[biradiolites.ara,Intercept]",0.05819364097047477,2.492571276870971,-5.102303977407251,5.474415937437964
"r_tna_trimmed[favus.antei,Intercept]",-0.008740658853415503,2.4773885623300624,-5.182834902192505,5.159166920475489
"r_tna_trimmed[lima.canalifera,Intercept]",-0.014885291431237508,2.503256616717599,-5.055112934800524,5.067035594728231
"r_tna_trimmed[lima.woodsi,Intercept]",-0.013457301222439103,2.4388967930085372,-5.419745744453616,5.091245156207074
"r_tna_trimmed[oistotrigonia.waiparensis,Intercept]",-0.007725192230395593,2.423763816786706,-5.177466844755423,5.2203041583314755
"r_tna_trimmed[yoldia.cupressensis,Intercept]",0.017719007539258216,2.4612269449227044,-5.2724761528657185,5.205041542590206
"r_tna_trimmed[yoldia.mcconnelli,Intercept]",-0.015567139587025932,2.4010948938693093,-5.0507816414155275,5.051286677552583
"r_tna_trimmed[panope.mclearni,Intercept]",-0.05347355061179016,2.4585667783643386,-5.292195856158932,4.842935219209065
"r_tna_trimmed[protocardia.subquadrata,Intercept]",0.03727442846024796,2.5198032566710697,-5.260838776726047,5.508673389347716
"r_tna_trimmed[pholadomya.cupressensis,Intercept]",0.03750286984435168,2.485289914890695,-5.354145946739594,5.254229763212332
"r_tna_trimmed[corbula.sprouli,Intercept]",0.0029317000636036408,2.436539035133397,-5.2935676077920215,5.326592063697036
"r_tna_trimmed[tellina.cupressensis,Intercept]",0.012075364945462365,2.6173890799941066,-5.228378684714177,5.392930447047324
"r_tna_trimmed[tancredia.americana,Intercept]",0.009419078063088353,2.5174065986839502,-5.425108577521839,5.209318523843989
"r_tna_trimmed[cardium.spillmani,Intercept]",0.0027597998267127376,2.4394133172384427,-5.2723334819786665,5.094834534307996
"r_tna_trimmed[oistotrigonia.pygoscelium,Intercept]",0.058464635703379085,2.487228323498165,-5.070413939165513,5.311127755011686
"r_tna_trimmed[tenea.inflata,Intercept]",-0.0048427999385380815,2.46746034219003,-5.181380480177746,5.109194995179333
"r_tna_trimmed[glycymerita.veatchii,Intercept]",0.011843150501534677,2.5036904689864854,-5.248679948530593,5.212683239762566
"r_tna_trimmed[macrocallista.cordata,Intercept]",-0.0698557291144488,2.4113082258169616,-5.209679975989334,5.121322777540351
"r_tna_trimmed[inoceramus.stanislausensis,Intercept]",-0.02772392061008149,2.5039186780563676,-5.561001762443551,5.071712691642256
"r_tna_trimmed[acila.demessa,Intercept]",0.045139434758901316,2.4380158954701554,-5.041477108086826,5.441253015155251
"r_tna_trimmed[calva.peninsularis,Intercept]",0.0018507103256963156,2.462723935332676,-5.197847565504382,5.234025582114771
"r_tna_trimmed[opis.triangulata,Intercept]",0.04936173728010238,2.4514851572675735,-5.053829896114253,5.380444254207207
"r_tna_trimmed[cymbophora.triangulata,Intercept]",-0.03702906952548031,2.4677108808557544,-5.563626401500324,4.992704518715004
"r_tna_trimmed[glycymerita.banosensis,Intercept]",-0.015036859759725203,2.5980476704958457,-5.4519841809841205,5.218367493023455
"r_tna_trimmed[calva.nitida,Intercept]",-0.05859759654721505,2.4631954727935694,-5.480542351149384,4.85673713647281
"r_tna_trimmed[meekia.sella,Intercept]",0.024081170146309082,2.500274174887904,-5.242929747821022,5.186742654715487
"r_tna_trimmed[mytilus.quadratus,Intercept]",-0.018893649111104707,2.4706973303436066,-5.357605692880697,5.152030799560333
"r_tna_trimmed[adelodonax.altus,Intercept]",0.057728798788106134,2.552627144812692,-5.267245152318074,5.372730417972168
"r_tna_trimmed[legumen.ooides,Intercept]",0.03467806630144469,2.480043108283833,-5.2355157778807975,5.526570958509068
"r_tna_trimmed[parallelodon.brewerianus,Intercept]",-0.0016474770339556452,2.495670455104875,-5.450478537653491,5.401005863592188
"r_tna_trimmed[praeradiolites.ciryi,Intercept]",-0.003809750651740989,2.577180334007594,-5.539373528694692,5.344297799583119
"r_tna_trimmed[biradiolites.mooretownensis,Intercept]",-0.014453373550351572,2.4550957455897437,-5.364933370772827,5.219029860686539
"r_tna_trimmed[dictyoptychus.morgani,Intercept]",0.018031277589997546,2.4529388876893585,-5.063971713261979,5.396781152031147
"r_tna_trimmed[inoceramus.chicoensis,Intercept]",0.019912192137767428,2.4989256949273235,-5.254410501587313,5.235004771055359
"r_tna_trimmed[arca.mcnairyensis,Intercept]",-0.0068567082512503074,2.497574999711361,-5.397497947777342,5.428515181901833
"r_tna_trimmed[glycymeris.microsulci,Intercept]",0.00996488038277163,2.4384377503420867,-5.218024425228496,5.032571789059426
"r_tna_trimmed[pecten.argillensis,Intercept]",0.045502421073800016,2.56981111552851,-5.35435375647622,5.363796151445773
"r_tna_trimmed[lithophaga.conchafodentis,Intercept]",-0.0064621683654600935,2.5367323846676952,-5.342982011904372,5.262674411653396
"r_tna_trimmed[cardium.dumosum,Intercept]",0.016864403332955576,2.4913698511451168,-5.07188996320319,5.197572843979031
"r_tna_trimmed[granocardium.tenuistriatum,Intercept]",-0.04635819423940424,2.473306245366257,-5.396305379664257,5.12715623351364
"r_tna_trimmed[protocardia.stantoni,Intercept]",0.04036828315458846,2.5005168592429294,-4.958504993606528,5.174367057622509
"r_tna_trimmed[corbula.crassiplica,Intercept]",-0.011595594436245957,2.4319158944008703,-4.961755780326575,5.305183428458188
"r_tna_trimmed[corbulamella.suffalciata,Intercept]",0.004003836211370094,2.493450646862329,-5.433794319741986,5.419531090055118
"r_tna_trimmed[clisocolus.moreauensis,Intercept]",-0.004498991621708109,2.422176006364628,-5.3545940669804795,5.0923545059084905
"r_tna_trimmed[granocardium.whitei,Intercept]",-0.030204239668322714,2.5801590568093387,-5.320723237208517,5.3614217261313755
"r_tna_trimmed[laluzia.armini,Intercept]",-0.013102298277856337,2.4589275380706606,-5.117481937537709,5.19354679925111
"r_tna_trimmed[opis.rosarioensis,Intercept]",0.024108303660492044,2.568594755210355,-5.457657887709468,5.191301912627464
"r_tna_trimmed[inoceramus.galoi,Intercept]",0.04666169351644614,2.5980182206268565,-5.245539512688747,5.143983079188618
"r_tna_trimmed[retroceramus.haasti,Intercept]",-0.036151537885885834,2.501860466553198,-5.488286267071272,5.191872354163596
"r_tna_trimmed[spisula.berryi,Intercept]",-0.04801471785331539,2.647399403396777,-5.6381345274043975,5.044352846035694
"r_tna_trimmed[monopleura.falgasi,Intercept]",-0.02175514328442759,2.5038759182861146,-5.430651382686511,5.118811041539613
"r_tna_trimmed[monopleura.figolina,Intercept]",-0.0018620037618910072,2.548907810304237,-5.356873778400483,5.350554562678094
"r_tna_trimmed[biradiolites.osensis,Intercept]",-0.01791236491199653,2.4838482710987844,-5.373052137938784,5.05519916365929
"r_tna_trimmed[biradiolites.lumbricalis,Intercept]",-0.0037617123396396146,2.586757186539725,-5.294056536447076,5.31818200322315
"r_tna_trimmed[vaccinites.vesiculosus,Intercept]",-0.019901310448840293,2.4840626826118934,-5.350051946291299,5.080551122177715
"r_tna_trimmed[biradiolites.fissicostatus,Intercept]",-0.010049485458058893,2.471504244462368,-5.016343153852226,4.952603596068658
"r_tna_trimmed[praeradiolites.subtoucasi,Intercept]",-0.0378824263940343,2.606414463245864,-5.562568497061046,5.12114321856427
"r_tna_trimmed[lapeirousia.laskarevi,Intercept]",0.03728371924457393,2.477303763691727,-4.975674463738044,5.423440718560788
"r_tna_trimmed[lapeirousia.plana,Intercept]",-0.02606355242083434,2.503471729021312,-5.614733651258088,5.07055846180944
"r_tna_trimmed[lapeirousia.zitteli,Intercept]",0.012119981362437937,2.483907020815261,-5.170336674351049,5.269365589136528
"r_tna_trimmed[vaccinites.sulcatus,Intercept]",0.017592991132972646,2.4765473578617767,-5.033391729878522,5.09267476958136
"r_tna_trimmed[cucullaea.thevestensis,Intercept]",0.014610953341344182,2.4752381414326354,-5.37251493067276,5.309809103607124
"r_tna_trimmed[indogrammatodon.vancouverensis,Intercept]",0.024827719869917168,2.5686510896792805,-5.4499446131478715,5.483525249519859
"r_tna_trimmed[callistalox.fragilis,Intercept]",-0.003868014747051805,2.4530655055370554,-5.121096428856427,5.326164763495629
"r_tna_trimmed[lyriochlamys.traskii,Intercept]",0.02907423448253531,2.5024564732308536,-5.270290321975659,5.482601406384064
"r_tna_trimmed[clisocolus.dubius,Intercept]",-0.015123896524697492,2.468541690772779,-5.412355711287005,5.150606496989262
"r_tna_trimmed[crassatella.mercedensis,Intercept]",-0.008298784432320289,2.431161916341098,-5.301257961991604,5.11364336973901
"r_tna_trimmed[crassatella.conradiana,Intercept]",0.00610486080719658,2.505964264398492,-5.139805280632323,5.233703155115192
"r_tna_trimmed[pholadomya.diegoensis,Intercept]",0.007320449816530079,2.422561389388968,-5.04719408514897,5.196381485040273
"r_tna_trimmed[acila.princeps,Intercept]",0.010012001769039693,2.492651025064379,-5.14470172455063,5.319216370827774
"r_tna_trimmed[oscillopha.figari,Intercept]",0.017705646511753947,2.4884167615879313,-5.22853974780057,5.304012927407195
"r_tna_trimmed[agerostrea.rouxi,Intercept]",-0.005233250523473676,2.463188844077291,-5.176472512359052,5.106703825517532
"r_tna_trimmed[ambigostrea.tripolitana,Intercept]",-5.297144107457901e-4,2.403445563398523,-4.91547678062407,4.958924280024575
"r_tna_trimmed[liostrea.prima,Intercept]",0.016395506278781714,2.4954602347775072,-5.149202027420762,5.5153232176946965
"r_tna_trimmed[calva.bowersiana,Intercept]",0.004957088961876737,2.390563572985447,-5.331767392293269,5.187719198421688
"r_tna_trimmed[inoceramus.pembertoni,Intercept]",0.005632281352305711,2.521750698687775,-5.45851479224468,5.372072580489927
"r_tna_trimmed[inoceramus.whitneyi,Intercept]",-0.04880688574297974,2.5434712862182898,-5.383363283536987,4.970141927730333
"r_tna_trimmed[cymbophora.popenoei,Intercept]",0.055920687907779626,2.463123042681789,-5.288568784424731,5.320277292560856
"r_tna_trimmed[pholadomya.subelongata,Intercept]",-0.0418525595980869,2.4313227320764605,-5.238140848794735,4.9841690998707975
"r_tna_trimmed[nucula.solitaria,Intercept]",-0.001126109822153267,2.547634844103435,-5.083784804846556,5.186959527259491
"r_tna_trimmed[clisocolus.cordatus,Intercept]",-0.01640116510259131,2.4284819743963673,-5.389999980548735,5.324973716720333
"r_tna_trimmed[nemodon.vancouverensis,Intercept]",-0.009556330071297758,2.496622386168254,-5.252462336068609,5.22820391530196
"r_tna_trimmed[jilinoconcha.songhuaensis,Intercept]",-0.009815818788909164,2.5424570223427643,-5.413684387914009,5.285027327816983
"r_tna_trimmed[plicatounio.hunanensis,Intercept]",0.011935282325261459,2.5322713423449508,-5.154684938601005,5.500677748311433
"r_tna_trimmed[baidunoconcha.fuyuensis,Intercept]",-0.016674058935380272,2.5350694951899437,-5.510280520396855,5.266992326467011
"r_tna_trimmed[lucina.colusaensis,Intercept]",-0.023193451537323672,2.497850296101075,-5.360884424982923,5.312540820570909
"r_tna_trimmed[nymphalucina.panochensis,Intercept]",0.006719101012607522,2.4174703331613916,-5.094730106205909,5.07677508793711
"r_tna_trimmed[idonearca.deatsvillensis,Intercept]",0.03796926196420579,2.5705322017032195,-5.153459150307824,5.313153727136878
"r_tna_trimmed[trigonia.castrovillensis,Intercept]",0.024885284742837167,2.5098411674751846,-5.301079764611773,5.450577214511215
"r_tna_trimmed[pterotrigonia.evansana,Intercept]",-0.029722145881033762,2.4816954610050024,-5.498043893664577,5.049003841834102
"r_tna_trimmed[cymbophora.gabbiana,Intercept]",0.04458868249613422,2.5842882751508807,-5.170268720061371,5.508519054640684
"r_tna_trimmed[pachycardium.coronaensis,Intercept]",0.043081989512436816,2.4997258797213897,-4.853292288831025,5.483784263249332
"r_tna_trimmed[nicaisolopha.nicaisei,Intercept]",0.008394444277688628,2.4527199680624334,-4.891069334576264,5.222425335647518
"r_tna_trimmed[astarte.awensis,Intercept]",0.06663155030505837,2.519467879924706,-4.964665069379236,5.277973085181798
"r_tna_trimmed[inoceramus.coxi,Intercept]",-0.007841627941507853,2.516356836681875,-5.473488168441511,5.221263073653746
"r_tna_trimmed[venericardia.crossensis,Intercept]",0.014135138019566586,2.4723835017740625,-5.099166819419602,5.277883726466786
"r_tna_trimmed[agelasina.plenodonta,Intercept]",0.02501720986605872,2.4007900083914633,-4.903749176495042,5.261263966255898
"r_tna_trimmed[aphrodina.andersoni,Intercept]",-0.029499660570464114,2.566840353936797,-5.541522734557552,5.111451457515123
"r_tna_trimmed[costagyra.olisiponensis,Intercept]",-0.0014819976894942283,2.4997136022827275,-5.22676397378249,5.419862423525222
"r_tna_trimmed[cymbophora.ashburnerii,Intercept]",0.027433950851186915,2.5277921378288415,-5.175012692237754,5.222692540482184
"r_tna_trimmed[cucullaea.calabaza,Intercept]",0.04219155028900268,2.4674036339228524,-5.026627432327883,5.171251553645485
"r_tna_trimmed[parallelodon.bremneri,Intercept]",-0.006970977178022818,2.5842286108221204,-5.2530949024324904,5.274905660134111
"r_tna_trimmed[lima.appressa,Intercept]",-0.017514270321855763,2.534588457228869,-5.333101903280376,5.275649417370678
"r_tna_trimmed[mytilus.pauperculus,Intercept]",-2.7891691569029153e-4,2.4099610734455417,-5.083703788698681,5.265153814841001
"r_tna_trimmed[remondia.shastensis,Intercept]",-0.04989047373517218,2.509023582204738,-5.304194752107323,5.168165128123248
"r_tna_trimmed[yaadia.leana,Intercept]",0.011433194873565793,2.465995059854473,-4.991973751777878,5.079915934992639
"r_tna_trimmed[trigonia.inezana,Intercept]",0.02647587506940869,2.4920851930564023,-5.130419013330798,5.275734419442352
"r_tna_trimmed[calva.taffi,Intercept]",-0.04688187694157315,2.384861094946557,-5.143069955694068,4.93832955038424
"r_tna_trimmed[inoceramus.subundatus,Intercept]",-0.036617505654390044,2.525008156909371,-5.302690842917256,5.252445879104242
"r_tna_trimmed[trigonia.churchi,Intercept]",0.0033011708316756433,2.4542909705968587,-5.4562913204489085,5.270508159914107
"r_tna_trimmed[laluzia.peruviana,Intercept]",-0.044616905176087476,2.4338635609206025,-5.142590136452462,5.106195324995719
"r_tna_trimmed[calva.marina,Intercept]",0.026515179244209475,2.473746895446283,-5.162617973465188,5.333262882907962
"r_tna_trimmed[calva.baptisia,Intercept]",-0.06676192189414666,2.40940558972307,-5.191424609359714,5.0134268774973645
"r_tna_trimmed[calva.crassa,Intercept]",-0.026866615231223055,2.5072971431616113,-5.377758906344843,5.094869026540017
"r_tna_trimmed[caryocorbula.lomana,Intercept]",-0.01726656315797817,2.3611246454321173,-5.309621563465498,5.012359816911956
"r_tna_trimmed[eoursivivas.cultriformis,Intercept]",0.01992632993229751,2.54970704675002,-5.144878390262187,5.387421844867182
"r_tna_trimmed[xenomytilus.fons,Intercept]",0.012331728634599373,2.5336601992652215,-5.160980584271717,5.189600851458717
"r_tna_trimmed[loxo.quintense,Intercept]",-0.03695881100250937,2.406958616531864,-5.192752224108667,4.913192768850384
"r_tna_trimmed[astarte.subnana,Intercept]",0.005791962021251026,2.482753519706636,-5.3068039705941885,5.348382393439035
"r_tna_trimmed[leda.scutula,Intercept]",-0.043742528445248396,2.516648947742663,-5.319950192749708,5.180728229800603
"r_tna_trimmed[crassatella.bosquetiana,Intercept]",0.011460229915730825,2.559059827553286,-5.0536505826582525,5.583371285261062
"r_tna_trimmed[roudairia.squiresi,Intercept]",0.0021757253662204263,2.537636859400074,-5.41470728860425,5.355263200423012
"r_tna_trimmed[idonearca.capax,pocn_temp_scaled]",0.016872906289108102,1.4152220723628754,-2.9926966649999707,2.8460431428066797
"r_tna_trimmed[crenella.elegantula,pocn_temp_scaled]",-0.03735088293281587,1.4341086988704106,-3.072913350525722,2.959947297684441
"r_tna_trimmed[tenuipteria.argentea,pocn_temp_scaled]",0.02804076852784208,1.4725962233344696,-2.8425149792342257,3.0370309678729126
"r_tna_trimmed[camptonectes.bubonis,pocn_temp_scaled]",-0.015376402477855421,1.440477252042535,-3.0045470489137784,2.830575179564423
"r_tna_trimmed[anomia.ornata,pocn_temp_scaled]",-0.0026392236938900114,1.365032801622379,-2.8090096650752687,2.8382413588567994
"r_tna_trimmed[limatula.acutilineata,pocn_temp_scaled]",0.013824619463475699,1.4681868884921743,-2.908408248968827,3.0679568629164446
"r_tna_trimmed[gryphaeostrea.vomer,pocn_temp_scaled]",-3.539589851717468e-4,1.4224850470935233,-2.9029109492731893,2.8745510299399877
"r_tna_trimmed[crassatella.vadosa,pocn_temp_scaled]",0.010665399788195763,1.4229102346216644,-2.831167874832295,3.045790445084848
"r_tna_trimmed[scambula.perplana,pocn_temp_scaled]",0.012508392677984407,1.4506448171679927,-2.838227215917007,3.1014302581309128
"r_tna_trimmed[leptosolen.biplicata,pocn_temp_scaled]",0.010140752397141295,1.3863472618179078,-2.7243903861954575,2.8161689306683377
"r_tna_trimmed[aenona.eufaulensis,pocn_temp_scaled]",-0.027956137648831255,1.5169149495536671,-3.0762662236115936,2.9343138134966957
"r_tna_trimmed[veniella.conradi,pocn_temp_scaled]",0.022028168047997624,1.4201707170621236,-2.902056439991574,2.9020569047813236
"r_tna_trimmed[caestocorbula.crassiplica,pocn_temp_scaled]",0.02731337339987964,1.4518135391024682,-2.8434568322523166,3.2035853190861214
"r_tna_trimmed[anatimya.anteradiata,pocn_temp_scaled]",-0.00876454398853575,1.3978662291884303,-2.890924030880183,2.8288318074240033
"r_tna_trimmed[liopistha.protexta,pocn_temp_scaled]",-0.004728148200143921,1.382714019535367,-2.798613068206908,2.9136625686147264
"r_tna_trimmed[brevicardium.fragile,pocn_temp_scaled]",-0.014791262423929221,1.4400669623786277,-3.0916263340750545,2.9737274944283927
"r_tna_trimmed[crenella.serica,pocn_temp_scaled]",0.01017007957076628,1.3778240673480415,-2.7680722740940547,3.0392850735025823
"r_tna_trimmed[exogyra.costata,pocn_temp_scaled]",0.0021832270453014065,1.460797994778652,-3.0632727149307026,2.941867709766678
"r_tna_trimmed[pholadomya.occidentalis,pocn_temp_scaled]",-0.013565477558373775,1.4471923604990558,-3.010420184583754,2.7910986265312623
"r_tna_trimmed[pinna.laqueata,pocn_temp_scaled]",0.018990410082499107,1.4390010517618925,-2.9677587834359946,2.9434859224270715
"r_tna_trimmed[lima.pelagica,pocn_temp_scaled]",0.04209262269768383,1.5156224076890645,-2.748067883169506,3.1739135571548966
"r_tna_trimmed[pinna.cretacea,pocn_temp_scaled]",0.0020611124159713476,1.4600107134153315,-2.7800468224825297,2.9184109107295972
"r_tna_trimmed[entolium.membranaceum,pocn_temp_scaled]",-0.04918937771249153,1.4218085264876874,-3.1249852891957968,2.7825482991535853
"r_tna_trimmed[camptonectes.virgatus,pocn_temp_scaled]",0.019775488857262564,1.3768230883124668,-2.7692795420339382,2.796509634058212
"r_tna_trimmed[dhondtichlamys.pulchellus,pocn_temp_scaled]",0.007604784992095543,1.468475407828504,-2.9744343906657806,2.8953518214796987
"r_tna_trimmed[merklinia.variabilis,pocn_temp_scaled]",-0.03626963602355904,1.3830884919614637,-2.95403868329963,2.7372425719867506
"r_tna_trimmed[neithea.sexcostata,pocn_temp_scaled]",-0.011714820615913208,1.467589350486331,-3.1230854484063197,2.9262168737889214
"r_tna_trimmed[spondylus.fimbriatus,pocn_temp_scaled]",-0.0030781198691306848,1.4337727625445384,-3.0015086482390507,2.9942384772091852
"r_tna_trimmed[newaagia.obliquus,pocn_temp_scaled]",0.017594780872900197,1.5016558177663475,-2.927758275701998,3.043067245630681
"r_tna_trimmed[atreta.nilssoni,pocn_temp_scaled]",-0.022930182521856992,1.4730950999382257,-2.782662009947528,2.8341237311789125
"r_tna_trimmed[plagiostoma.hoperi,pocn_temp_scaled]",-0.010893295058232316,1.3885682355452136,-2.8976808479405674,2.8790994787644064
"r_tna_trimmed[limatula.decussata,pocn_temp_scaled]",-0.005692984164852968,1.4175408294829792,-2.7976073907759496,3.004154503162547
"r_tna_trimmed[pycnodonte.vesicularis,pocn_temp_scaled]",-0.006029193141144177,1.4588908298440897,-2.8449489949701694,3.075974152098575
"r_tna_trimmed[agerostrea.ungulatus,pocn_temp_scaled]",-0.014493591472615402,1.498926565846525,-2.9541982489778085,2.9995963406312045
"r_tna_trimmed[portlandia.arctica,pocn_temp_scaled]",-0.0013854949954904597,1.4109280290101742,-2.9907073293214115,2.9786487920531575
"r_tna_trimmed[barbatia.geinitzi,pocn_temp_scaled]",-0.017765772742758045,1.4784232541137359,-3.0316427688042626,2.998024139558522
"r_tna_trimmed[inoceramus.balticus,pocn_temp_scaled]",-0.08344622118554124,1.4494366010671624,-3.232507507640676,2.6077798744677274
"r_tna_trimmed[endocostea.regularis,pocn_temp_scaled]",0.01711857758285739,1.4716059239702592,-2.7910612647087194,3.016748802595571
"r_tna_trimmed[neithea.striatocostata,pocn_temp_scaled]",0.008440079943623714,1.467054547421528,-2.882532503941705,2.9971269104120335
"r_tna_trimmed[propeamussium.inversum,pocn_temp_scaled]",0.004667960549172753,1.4515020689829892,-3.0457641915024514,3.0291197808316532
"r_tna_trimmed[syncyclonema.haeggi,pocn_temp_scaled]",-0.03166712156724389,1.4600348299830042,-3.032049650804978,2.850773846322791
"r_tna_trimmed[syncyclonema.nilsoni,pocn_temp_scaled]",-0.03165187257211056,1.4392189210091695,-3.0328361402574795,2.7793782392171766
"r_tna_trimmed[syncyclonema.semiplicata,pocn_temp_scaled]",0.0027305241022264376,1.43030167058246,-2.901397541262749,2.988268913043975
"r_tna_trimmed[hyotissa.semiplana,pocn_temp_scaled]",-0.026559338107174865,1.4261333343713218,-3.1457467857211565,2.9331794599945717
"r_tna_trimmed[buchia.crassicollis,pocn_temp_scaled]",-0.04425673066794684,1.397561999344708,-2.8800507117118053,2.6414445290665296
"r_tna_trimmed[pseudoptera.coerulescens,pocn_temp_scaled]",-4.50177565562138e-5,1.4967424847484692,-2.9267103474681915,2.9224777635714623
"r_tna_trimmed[gryphaeostrea.lateralis,pocn_temp_scaled]",-0.024524874008102136,1.497242313311642,-3.091536923326469,2.7855171863264556
"r_tna_trimmed[acutostrea.incurva,pocn_temp_scaled]",-0.01583527601536785,1.392624253811434,-2.8231998650531094,2.8229761914249143
"r_tna_trimmed[curvostrea.tevesthensis,pocn_temp_scaled]",0.01752608303508924,1.4097726997181717,-2.8735849840391827,2.9554167972865555
"r_tna_trimmed[agerostrea.falcata,pocn_temp_scaled]",-0.006864991859909591,1.4431931731122742,-2.885726925021714,2.9310074573556286
"r_tna_trimmed[modiolus.aequalis,pocn_temp_scaled]",0.014083559372568256,1.4779054827690898,-2.9938450038491378,2.8852354596452616
"r_tna_trimmed[neithea.quinquecostata,pocn_temp_scaled]",-0.002470417160862564,1.4082511411510208,-2.914947646399735,2.8595561705754005
"r_tna_trimmed[amphidonte.pliciferum,pocn_temp_scaled]",0.021632425666913264,1.4176556108152514,-3.0658664610664443,3.010659662347419
"r_tna_trimmed[biradiolites.lameracensis,pocn_temp_scaled]",-0.022944332627785287,1.3410736745486227,-2.894766669197314,2.6510009140907695
"r_tna_trimmed[radiolites.spongicola,pocn_temp_scaled]",0.0092086335585215,1.348672146601591,-2.9252046838030514,2.808230836176467
"r_tna_trimmed[trigonarca.angolensis,pocn_temp_scaled]",0.005776485791137603,1.394803902794334,-2.8914400978307304,2.981292123693043
"r_tna_trimmed[pseudocucullaea.lens,pocn_temp_scaled]",-0.022301096076277612,1.4362158196313466,-2.8221111678634685,2.882037799219034
"r_tna_trimmed[plicatula.ibo,pocn_temp_scaled]",-0.00598955138993731,1.4603215669083465,-2.9869055455367226,2.9147002910152375
"r_tna_trimmed[cataceramus.bantu,pocn_temp_scaled]",0.015631275658987483,1.4256519741623392,-2.757886962116656,2.9393220870049217
"r_tna_trimmed[veniella.undata,pocn_temp_scaled]",0.009511719324040983,1.4181090632466316,-2.93111997796891,2.99085484550819
"r_tna_trimmed[anofia.aro,pocn_temp_scaled]",-0.01623909084167084,1.4709900393203261,-2.9896027358350974,2.7650310999879917
"r_tna_trimmed[cardium.subperobliquum,pocn_temp_scaled]",-0.006419009238870864,1.4773316014063005,-2.7796701483897315,2.9780320893136616
"r_tna_trimmed[nuculopsis.elongata,pocn_temp_scaled]",-0.014283421347519526,1.4122407652487254,-2.869604764085221,2.889553096053186
"r_tna_trimmed[curvostrea.rouvillei,pocn_temp_scaled]",-0.025287277332833775,1.455530398387357,-2.9682750971471923,2.9433112676553552
"r_tna_trimmed[crassatella.arcacea,pocn_temp_scaled]",-0.04184377538114465,1.4636685378207481,-3.0041979628263022,2.9837746636908746
"r_tna_trimmed[panopea.regularis,pocn_temp_scaled]",0.007067237730844025,1.404937313758388,-2.8146572506439793,2.8689572273868693
"r_tna_trimmed[pleuromya.elongata,pocn_temp_scaled]",-0.004946834913410321,1.4735330929780601,-2.968757092387436,2.863761788085551
"r_tna_trimmed[calva.varians,pocn_temp_scaled]",-0.010667991840257877,1.4666014350984666,-2.9758479450986366,2.843008707518528
"r_tna_trimmed[panzacorbula.pozo,pocn_temp_scaled]",-5.293300217327858e-4,1.4178108372522766,-2.724702499680313,2.8842771280732937
"r_tna_trimmed[glycymeris.apletos,pocn_temp_scaled]",-0.023921599235884588,1.4794727245195223,-3.0582380152422513,2.7956559587264933
"r_tna_trimmed[popenoella.hemphilli,pocn_temp_scaled]",0.006641054555897767,1.443165716987363,-2.9426234694606777,2.971476918015782
"r_tna_trimmed[trinacria.cor,pocn_temp_scaled]",-1.8996059598093827e-4,1.4627477320308053,-2.9803601887135085,2.993931372914051
"r_tna_trimmed[inoceramus.fibrosus,pocn_temp_scaled]",0.01070629641940888,1.4229090543483753,-2.8020396037445643,2.9095340995399517
"r_tna_trimmed[nucula.cancellata,pocn_temp_scaled]",9.216270066696068e-4,1.4869363132875208,-2.902771997142508,2.8632534358359303
"r_tna_trimmed[nucula.planimarginata,pocn_temp_scaled]",-0.01065282141203635,1.4532757069371762,-2.9045575555353373,2.943281642311561
"r_tna_trimmed[pteria.nebrascana,pocn_temp_scaled]",0.02208416309823975,1.423488876240767,-2.8143609197754933,3.01321648651038
"r_tna_trimmed[exogyra.overwegi,pocn_temp_scaled]",-0.017629019233869888,1.4155860925551491,-2.9697855872963204,2.8181382154692636
"r_tna_trimmed[panopea.clausa,pocn_temp_scaled]",-0.014971459381819374,1.3894358892977519,-2.7750522707713627,2.7698673107651723
"r_tna_trimmed[nucula.suboblonga,pocn_temp_scaled]",-0.046376568822113766,1.3787429501475208,-2.9220530469945354,2.71812728939976
"r_tna_trimmed[seymourtula.antarctica,pocn_temp_scaled]",-0.02097939683853755,1.398163571158034,-2.9236584939336745,2.7192849846770057
"r_tna_trimmed[conchocele.townsendi,pocn_temp_scaled]",-0.06446801787719353,1.3488295930659742,-2.986118445369517,2.6338265487890076
"r_tna_trimmed[cubitostrea.tecticosta,pocn_temp_scaled]",-0.003634741310873681,1.3715712937178817,-2.7834677724548738,2.9671744690072632
"r_tna_trimmed[lima.reticulata,pocn_temp_scaled]",0.021911465873682142,1.4043202808121233,-2.9037706605216806,2.994501653248758
"r_tna_trimmed[pterotrigonia.thoracica,pocn_temp_scaled]",-0.02460903092338932,1.4536190388692471,-3.0056906977464295,2.954941193577429
"r_tna_trimmed[trachycardium.eufaulensis,pocn_temp_scaled]",0.017754402150785473,1.49657893445667,-2.793407737680041,2.8348250273746394
"r_tna_trimmed[anomia.argentaria,pocn_temp_scaled]",0.007072577820266993,1.436204187392225,-2.8973401255336526,3.010467380622072
"r_tna_trimmed[bathytormus.pteropsis,pocn_temp_scaled]",-0.014220935048727358,1.5036695433572687,-3.14182387622004,2.864633120082195
"r_tna_trimmed[caestocorbula.crassaplica,pocn_temp_scaled]",0.012116310563060458,1.4280615927341431,-2.954781966388836,2.873480344658399
"r_tna_trimmed[corbula.monmouthensis,pocn_temp_scaled]",0.0038630370547845442,1.4451271653756375,-3.043080761274893,2.8987624983842055
"r_tna_trimmed[liothyris.carolinensis,pocn_temp_scaled]",0.03199900264085259,1.5535214192209663,-2.8304514014510036,3.074211854974656
"r_tna_trimmed[nemodon.grandis,pocn_temp_scaled]",-0.007895404781431192,1.463063690843904,-2.8131539747747207,2.951512803486647
"r_tna_trimmed[praeleda.compar,pocn_temp_scaled]",-0.0015929333198963828,1.4719190337279835,-3.0774510665054007,3.003065848972365
"r_tna_trimmed[nymphalucina.linearia,pocn_temp_scaled]",0.022663645446867865,1.4870346772399656,-2.900056206570541,3.160499918061408
"r_tna_trimmed[pterotrigonia.eufaulensis,pocn_temp_scaled]",0.004924903177918214,1.5056233702294612,-2.7340375215866746,3.0857449623857605
"r_tna_trimmed[cucullaea.littlei,pocn_temp_scaled]",0.013699595980018362,1.4172568639635577,-2.796364424080076,2.8548970958588082
"r_tna_trimmed[lopha.mesenterica,pocn_temp_scaled]",-0.0195605167290894,1.4506981155026386,-3.072587834079718,2.841906363171332
"r_tna_trimmed[ostrea.plumosa,pocn_temp_scaled]",0.0019731170117699595,1.4169752579363661,-3.032751860391616,3.025932771520216
"r_tna_trimmed[cuna.texana,pocn_temp_scaled]",-0.01486708621507135,1.5438793036509253,-3.0374187613776695,2.9378451792453055
"r_tna_trimmed[etea.carolinensis,pocn_temp_scaled]",0.005557971285150257,1.4611432418852468,-2.862150425828302,3.078952877907571
"r_tna_trimmed[plicatula.tetrica,pocn_temp_scaled]",0.029401424053587775,1.488441496004994,-2.9241906034837397,3.178111148247323
"r_tna_trimmed[gervilliopsis.ensiformis,pocn_temp_scaled]",-0.025020035999041873,1.4258726554999162,-2.9306222001235778,2.788165170890089
"r_tna_trimmed[nucula.cunifrons,pocn_temp_scaled]",-0.013113059964632747,1.383161569440333,-2.8919814530547794,2.8443930412577867
"r_tna_trimmed[chlamys.cretosus,pocn_temp_scaled]",-0.0033967561926528983,1.445233823984921,-2.91791848987753,3.013915261269844
"r_tna_trimmed[lima.sellardsi,pocn_temp_scaled]",0.020223564627751187,1.5044978363276078,-2.9718915766724967,3.121971984687078
"r_tna_trimmed[cuspidaria.grandis,pocn_temp_scaled]",0.017405032286841315,1.3655353301736652,-2.8441809736304293,2.881338421438386
"r_tna_trimmed[idonearca.powersi,pocn_temp_scaled]",-0.0014593579093636238,1.4374146704280575,-2.8645472541251378,2.969481151682036
"r_tna_trimmed[lima.geronimoensis,pocn_temp_scaled]",0.005541607571603377,1.4268430477756993,-2.862703143674989,2.9143026160788326
"r_tna_trimmed[solyma.elliptica,pocn_temp_scaled]",0.015315602335221156,1.407449613104704,-2.809958936490997,3.067136599648978
"r_tna_trimmed[lucina.parvilineata,pocn_temp_scaled]",0.019580970432477588,1.4384284834389427,-2.8569861825503677,2.925654553610946
"r_tna_trimmed[syncyclonema.kingi,pocn_temp_scaled]",-0.012779761986637002,1.4350164355437256,-2.884686668998483,2.8465061019938074
"r_tna_trimmed[nuculana.rostratruncata,pocn_temp_scaled]",0.017737929473192693,1.4013229745300178,-2.8393063629153072,2.971700195619607
"r_tna_trimmed[sourimis.georgiana,pocn_temp_scaled]",3.137749717618123e-4,1.4257221453897553,-2.7769244856695625,2.9232970020680056
"r_tna_trimmed[lima.kimbroensis,pocn_temp_scaled]",0.005506126600662754,1.4168538234162737,-2.9500648383137733,2.964547272504109
"r_tna_trimmed[cuspidaria.grovensis,pocn_temp_scaled]",0.020301275439421035,1.4602092212904396,-2.9057380508768875,3.047865825379037
"r_tna_trimmed[ostrea.congesta,pocn_temp_scaled]",0.004897446067933737,1.4572056880060327,-2.893927713512151,3.0922567202730114
"r_tna_trimmed[cuneolus.tippana,pocn_temp_scaled]",0.011577538174838788,1.542217078584238,-2.9031294920965935,3.25907198058919
"r_tna_trimmed[agerostrea.mesenterica,pocn_temp_scaled]",0.029441368919523463,1.4849239440306583,-2.995556366079081,3.178368720728156
"r_tna_trimmed[astarte.similis,pocn_temp_scaled]",0.024861024372868565,1.4793400251749524,-2.885343691325926,3.1555503150041
"r_tna_trimmed[corbula.paracrassa,pocn_temp_scaled]",0.023285072805227534,1.4137669926762377,-2.92266000476385,3.0633107849340977
"r_tna_trimmed[plicatula.ferryi,pocn_temp_scaled]",-9.769583764574878e-4,1.46758656200092,-2.971700502035162,2.9906681255440084
"r_tna_trimmed[barbatia.carolinensis,pocn_temp_scaled]",-0.011635317597665607,1.411979597782985,-3.085011624942991,3.0076930023383817
"r_tna_trimmed[crassatella.hodgei,pocn_temp_scaled]",-0.013776785450100294,1.451222873727109,-3.113545872646223,2.9127916136348007
"r_tna_trimmed[nucula.stantoni,pocn_temp_scaled]",0.019584416492742885,1.466828413671502,-2.924987458357997,3.0852901850909773
"r_tna_trimmed[mytiloides.striatoconcentricus,pocn_temp_scaled]",-0.028991904505702586,1.4470825543638224,-3.0908730327656735,2.8914122984110233
"r_tna_trimmed[amphidonte.pyrenaicum,pocn_temp_scaled]",0.022055480879906518,1.480059621401106,-2.897729592906704,3.0140553175813363
"r_tna_trimmed[nucula.ovata,pocn_temp_scaled]",0.056326753244653874,1.5308931654778464,-2.7359185175365814,3.005928214655111
"r_tna_trimmed[inoperna.flagellifera,pocn_temp_scaled]",0.0022152412462357165,1.4605345375995975,-3.0243625518155466,3.0286681603154983
"r_tna_trimmed[gervillia.solenoidea,pocn_temp_scaled]",-0.012983822447971801,1.4178312814404488,-2.9452018161145554,2.8548070639134746
"r_tna_trimmed[syncyclonema.gamsensis,pocn_temp_scaled]",-0.005417334019462162,1.4230932507593594,-2.9443839273631958,2.920096705955412
"r_tna_trimmed[lyropecten.acuteplicatus,pocn_temp_scaled]",-0.021081594535263364,1.427042207112124,-2.8733522341340914,2.8471982263521856
"r_tna_trimmed[lyropecten.campaniensis,pocn_temp_scaled]",0.015499497616359425,1.408290496200454,-2.8930839437744753,3.0183290969501484
"r_tna_trimmed[mimachlamys.cretosa,pocn_temp_scaled]",0.014629510408280462,1.4101663250615135,-2.9051236450164994,2.932688110645812
"r_tna_trimmed[limatula.ovata,pocn_temp_scaled]",0.012437878640196581,1.4239706607142104,-2.939088485044895,3.0662604603025367
"r_tna_trimmed[gryphaeostrea.canaliculata,pocn_temp_scaled]",3.4185120279484743e-4,1.4405687983892697,-3.0259310164391606,2.8724548964231778
"r_tna_trimmed[lucina.subnumismalis,pocn_temp_scaled]",0.0031574136512422368,1.4504202300004503,-3.00689597071147,2.8578669068324443
"r_tna_trimmed[granocardium.productum,pocn_temp_scaled]",0.02563131729070176,1.473990739326355,-2.876940267868176,3.004889729216091
"r_tna_trimmed[pholadomya.esmarki,pocn_temp_scaled]",0.005727017188752061,1.4921251770609711,-2.9009950626300363,2.8574940179064074
"r_tna_trimmed[pholadomya.decussata,pocn_temp_scaled]",0.006450767180379696,1.477711182964193,-2.8786944216819856,3.0690803784803364
"r_tna_trimmed[septifer.lineatus,pocn_temp_scaled]",-0.010617625981512741,1.4023822362008065,-2.947485912904814,2.7907555146557863
"r_tna_trimmed[mimachlamys.denticulata,pocn_temp_scaled]",0.0017282748899507454,1.5042049061850251,-3.095343768559385,3.150789234149873
"r_tna_trimmed[hippurites.cornucopiae,pocn_temp_scaled]",0.004320295666603879,1.4096026496942882,-2.8778745579239247,2.878637225824784
"r_tna_trimmed[ostrea.diluviana,pocn_temp_scaled]",0.01674110877231802,1.3987019733809558,-2.8565555566729937,2.8382298274744455
"r_tna_trimmed[anomia.pseudoradiata,pocn_temp_scaled]",-0.002142363722370426,1.427707198830568,-2.8461976757553287,2.8896523687090965
"r_tna_trimmed[ostrea.merceyi,pocn_temp_scaled]",-0.008072914075228409,1.3899658815053337,-2.734584659667518,2.8746366844068265
"r_tna_trimmed[malayomaorica.malayomaorica,pocn_temp_scaled]",-0.013377382000073459,1.4782145002276696,-2.971632422687753,2.8635020038873815
"r_tna_trimmed[caribbea.muellerriedi,pocn_temp_scaled]",0.02663131410345583,1.447230716591891,-2.82236636352066,3.136563769642283
"r_tna_trimmed[liostrea.lehmanni,pocn_temp_scaled]",0.02325934605750749,1.4043720927641923,-2.7343776855066686,2.9580816813338733
"r_tna_trimmed[plicatounio.naktongensis,pocn_temp_scaled]",-0.018538814521677594,1.504806286937032,-3.062256312060411,2.9715330211308393
"r_tna_trimmed[neithea.regularis,pocn_temp_scaled]",0.05457174752055832,1.4233094155236345,-2.8332534757466585,3.0643350727822396
"r_tna_trimmed[crassatella.rothii,pocn_temp_scaled]",0.03229775889728494,1.5229542693997737,-2.8188411932677853,3.1369609141496695
"r_tna_trimmed[modiolus.carolinensis,pocn_temp_scaled]",0.004866944415239087,1.3876841266308793,-2.8605634336600656,2.8955084211202937
"r_tna_trimmed[ostrea.sechura,pocn_temp_scaled]",0.0046000715047405,1.3986819488949354,-2.8880528952384856,2.8998855709593476
"r_tna_trimmed[perucardia.brueggeni,pocn_temp_scaled]",0.008503278744033197,1.3965788304259892,-2.929697296554034,2.9309438092637907
"r_tna_trimmed[ambigostrea.villei,pocn_temp_scaled]",0.018990085137668224,1.4095973325640259,-2.9060992381617816,2.938204851010034
"r_tna_trimmed[australoneilo.gracilis,pocn_temp_scaled]",0.005763802824042057,1.372485282227751,-2.9167026287167084,2.856434798407589
"r_tna_trimmed[lahillia.larseni,pocn_temp_scaled]",-0.05721864410338034,1.388502353620236,-3.000258359286263,2.646172694544914
"r_tna_trimmed[radiolites.macroplicatus,pocn_temp_scaled]",-0.026696750952312293,1.3811178825391601,-2.9151565001873383,2.7264167358460036
"r_tna_trimmed[chiapasella.radiolitiformis,pocn_temp_scaled]",0.00325800289128171,1.4202177304522374,-2.8607931287748145,3.0821052755678178
"r_tna_trimmed[antillocaprina.trilobata,pocn_temp_scaled]",-0.015676471026203422,1.4488921941037898,-2.9685140632272526,2.8861734899578297
"r_tna_trimmed[hippuritella.lapeirousei,pocn_temp_scaled]",-0.02109424499014224,1.5002847960618708,-3.117078384019405,2.912415534705996
"r_tna_trimmed[trochoceramus.tricostatus,pocn_temp_scaled]",-0.015212160656270454,1.4694965302546918,-3.020025515893597,2.909147103911814
"r_tna_trimmed[pacitrigonia.patagonica,pocn_temp_scaled]",0.0035046826032585935,1.4378247939419329,-2.837132788666542,2.8876216550007276
"r_tna_trimmed[bournonia.excavata,pocn_temp_scaled]",-0.012741502924286023,1.4572495186585872,-3.0069495185889306,2.9236828634395993
"r_tna_trimmed[joufia.reticulata,pocn_temp_scaled]",0.03639461093373581,1.4507807565930342,-2.8101155474738073,3.017411593776777
"r_tna_trimmed[hippurites.colliciatus,pocn_temp_scaled]",-0.0074506255227771755,1.4410183910315082,-3.018811610862871,3.071295271784964
"r_tna_trimmed[mitrocaprina.bulgarica,pocn_temp_scaled]",-0.004201458385203942,1.4235757735583114,-2.790917407264344,2.9676376345648343
"r_tna_trimmed[radiolitella.maestrichtiana,pocn_temp_scaled]",0.02199228431254568,1.3989592915717457,-2.8236804116021164,2.9936750373847634
"r_tna_trimmed[pironaea.slavonica,pocn_temp_scaled]",0.02581856659311839,1.4587460449493956,-2.810183007236171,3.062533464782108
"r_tna_trimmed[medeella.zignana,pocn_temp_scaled]",-0.01178817070175129,1.456881681945751,-3.014616685034183,2.922530365152667
"r_tna_trimmed[ceratostreon.flabellatum,pocn_temp_scaled]",-0.01420578046052958,1.384897145434311,-2.951186890800351,2.7411183421231686
"r_tna_trimmed[bournonia.bournoni,pocn_temp_scaled]",-0.06003258316678319,1.4140222412024162,-3.1019863600555753,2.584188114590753
"r_tna_trimmed[mitrocaprina.tschoppi,pocn_temp_scaled]",-0.039786281122148735,1.3966726870165003,-2.943584542997638,2.719257899130708
"r_tna_trimmed[parastroma.guitarti,pocn_temp_scaled]",-0.06318434805783689,1.3847176646379156,-3.051667122671671,2.6387523605446117
"r_tna_trimmed[grammatodon.sulcatinus,pocn_temp_scaled]",-0.002302949610372936,1.4665035684727368,-3.1398382389055444,2.9310456377277028
"r_tna_trimmed[pinna.freneixae,pocn_temp_scaled]",0.021716652549553222,1.425987947409411,-2.721797646788231,2.866466089699542
"r_tna_trimmed[praeradiolites.hoeninghausi,pocn_temp_scaled]",-0.03023052534810432,1.4790296833339638,-2.9719237775282843,2.9293236813429844
"r_tna_trimmed[katzeria.hercegovinaensis,pocn_temp_scaled]",-0.04464088907470978,1.4780093446557319,-3.0431563550214764,2.86043648274794
"r_tna_trimmed[biradiolites.ara,pocn_temp_scaled]",-0.02384965789395321,1.4695696842280135,-2.9981352528724456,2.900925414509966
"r_tna_trimmed[favus.antei,pocn_temp_scaled]",-0.024490513925656446,1.3470476308603165,-2.8654169118841732,2.7488426627291505
"r_tna_trimmed[lima.canalifera,pocn_temp_scaled]",-0.045882466121720346,1.416077798585092,-2.9562803319799724,2.7786433134480424
"r_tna_trimmed[lima.woodsi,pocn_temp_scaled]",-0.008650453848314255,1.450931828900391,-2.9833087351665766,2.804884736183212
"r_tna_trimmed[oistotrigonia.waiparensis,pocn_temp_scaled]",0.010305039416897506,1.392090848125894,-2.854162188221573,2.7915501863246965
"r_tna_trimmed[yoldia.cupressensis,pocn_temp_scaled]",-0.03318193682893022,1.4579104300167964,-2.9476481815408695,2.9670497940519844
"r_tna_trimmed[yoldia.mcconnelli,pocn_temp_scaled]",-9.338633035345144e-5,1.399305745772314,-2.892231786654586,2.8242205746234044
"r_tna_trimmed[panope.mclearni,pocn_temp_scaled]",-0.005126917221790802,1.4045256692267303,-2.967974805238136,2.8925438488896753
"r_tna_trimmed[protocardia.subquadrata,pocn_temp_scaled]",-0.011578252692844375,1.4630071341267679,-3.0970522647392897,2.897568906831072
"r_tna_trimmed[pholadomya.cupressensis,pocn_temp_scaled]",-0.022552638062366518,1.4250377798426899,-2.9334381575912856,2.886297905327395
"r_tna_trimmed[corbula.sprouli,pocn_temp_scaled]",0.01852851075849599,1.4423347110367124,-2.906583153820411,3.0652092954503876
"r_tna_trimmed[tellina.cupressensis,pocn_temp_scaled]",0.02037009424536838,1.456270718714286,-2.772284026593675,3.0183661738607994
"r_tna_trimmed[tancredia.americana,pocn_temp_scaled]",-0.0012031074738591593,1.4242621802294597,-2.9819975922775375,2.877578968590116
"r_tna_trimmed[cardium.spillmani,pocn_temp_scaled]",-0.009446920678526599,1.4141147862758257,-2.975021444874885,2.88605243646947
"r_tna_trimmed[oistotrigonia.pygoscelium,pocn_temp_scaled]",-0.032433454984302584,1.39004712329602,-3.039451429274477,2.774158387425168
"r_tna_trimmed[tenea.inflata,pocn_temp_scaled]",0.0032950436693323475,1.5025110520290752,-2.8767916736999,2.9030149501302387
"r_tna_trimmed[glycymerita.veatchii,pocn_temp_scaled]",0.010063596270713014,1.4418748152525187,-2.9498043207373614,2.892542095536483
"r_tna_trimmed[macrocallista.cordata,pocn_temp_scaled]",0.01660837768768453,1.447013464869765,-2.9390427721236465,3.08502149988588
"r_tna_trimmed[inoceramus.stanislausensis,pocn_temp_scaled]",0.020862793811098016,1.4919719115886974,-2.9044656681767362,2.982891369076311
"r_tna_trimmed[acila.demessa,pocn_temp_scaled]",0.038271543353889666,1.462544960773032,-2.931568758750895,3.1251462084147867
"r_tna_trimmed[calva.peninsularis,pocn_temp_scaled]",-0.006220637630502531,1.4727523363332697,-3.0338470784315783,2.973263430210483
"r_tna_trimmed[opis.triangulata,pocn_temp_scaled]",-0.022222826508005805,1.441058251074332,-3.0226715717915758,2.7867191237973725
"r_tna_trimmed[cymbophora.triangulata,pocn_temp_scaled]",0.019605550084885723,1.415364943846171,-2.965347782682677,3.1367734783068193
"r_tna_trimmed[glycymerita.banosensis,pocn_temp_scaled]",-0.022909006302793355,1.424717660282545,-2.9512917055141545,2.7550940772463024
"r_tna_trimmed[calva.nitida,pocn_temp_scaled]",-0.002080572771553731,1.4213284882647634,-3.028927665506063,2.944109384275485
"r_tna_trimmed[meekia.sella,pocn_temp_scaled]",0.019361944209342452,1.429897840674688,-2.8319701846263405,2.9721777678367265
"r_tna_trimmed[mytilus.quadratus,pocn_temp_scaled]",-0.043222785351759406,1.4711324829883514,-3.0030247120765865,2.8244935026734805
"r_tna_trimmed[adelodonax.altus,pocn_temp_scaled]",-0.01908634928879629,1.475307552951109,-2.9944140428796704,2.895999704718988
"r_tna_trimmed[legumen.ooides,pocn_temp_scaled]",0.033382484195340484,1.4056071020663032,-2.894096429659864,3.008315606692022
"r_tna_trimmed[parallelodon.brewerianus,pocn_temp_scaled]",0.04277948683349812,1.3914061726440254,-2.7870598740834907,3.052745164570396
"r_tna_trimmed[praeradiolites.ciryi,pocn_temp_scaled]",-0.0014690223641542653,1.4807403136266644,-3.028174102053018,2.955527758134761
"r_tna_trimmed[biradiolites.mooretownensis,pocn_temp_scaled]",0.00922656776539482,1.4176746074864455,-2.8005812883217436,2.8927153449747904
"r_tna_trimmed[dictyoptychus.morgani,pocn_temp_scaled]",-0.002080905633263094,1.4033938959092722,-2.94921556111786,2.9191055556924836
"r_tna_trimmed[inoceramus.chicoensis,pocn_temp_scaled]",0.0037321702775452645,1.4283381972897833,-2.8734693361312855,2.9247245897646277
"r_tna_trimmed[arca.mcnairyensis,pocn_temp_scaled]",0.005036387891883977,1.4191597960933497,-2.6885942925364175,3.0510643930857273
"r_tna_trimmed[glycymeris.microsulci,pocn_temp_scaled]",0.033289594561557494,1.42325271531624,-2.779458787874827,2.942440464246343
"r_tna_trimmed[pecten.argillensis,pocn_temp_scaled]",0.01893190606598814,1.454594724256389,-2.9095748547376417,3.09489988895246
"r_tna_trimmed[lithophaga.conchafodentis,pocn_temp_scaled]",0.009227898456775106,1.4646799252559066,-2.821211229568693,2.974307581803693
"r_tna_trimmed[cardium.dumosum,pocn_temp_scaled]",-0.01595540665974037,1.455104166606308,-3.089330575688682,2.9054876171949178
"r_tna_trimmed[granocardium.tenuistriatum,pocn_temp_scaled]",0.003933684924175011,1.513002509174562,-2.948559911571909,2.9984700391373766
"r_tna_trimmed[protocardia.stantoni,pocn_temp_scaled]",0.045250623809388386,1.4831875798163117,-2.780559335525854,3.207967699431999
"r_tna_trimmed[corbula.crassiplica,pocn_temp_scaled]",-0.011159110398086569,1.4510339878912577,-2.970621996970447,2.905127222955568
"r_tna_trimmed[corbulamella.suffalciata,pocn_temp_scaled]",-0.00703252216076355,1.4453455352986027,-2.9074009701777577,2.8608416106020047
"r_tna_trimmed[clisocolus.moreauensis,pocn_temp_scaled]",0.015079509305208304,1.474684941290728,-2.984073700378887,2.9759474942438215
"r_tna_trimmed[granocardium.whitei,pocn_temp_scaled]",-0.014611694563290636,1.513623142520718,-3.034005826234178,2.9983621253263273
"r_tna_trimmed[laluzia.armini,pocn_temp_scaled]",0.013483412719223035,1.517553494532834,-2.8862358604952734,3.0979967342814474
"r_tna_trimmed[opis.rosarioensis,pocn_temp_scaled]",0.010246115630538342,1.4288194415982163,-2.9062222848710335,2.9987101354555605
"r_tna_trimmed[inoceramus.galoi,pocn_temp_scaled]",-0.01104040307062751,1.41726776320074,-2.970867107452516,2.989568616145504
"r_tna_trimmed[retroceramus.haasti,pocn_temp_scaled]",-0.010598574819514893,1.419509173163263,-3.0411173909488807,2.9758693058023717
"r_tna_trimmed[spisula.berryi,pocn_temp_scaled]",-0.004050059427796823,1.4179932291200634,-2.9340804676480907,2.875459781128585
"r_tna_trimmed[monopleura.falgasi,pocn_temp_scaled]",0.016496327877422525,1.452798393237216,-2.809973197623438,2.8178567038917204
"r_tna_trimmed[monopleura.figolina,pocn_temp_scaled]",0.013073645736162615,1.382952554159748,-2.7748494240534063,2.817187556905232
"r_tna_trimmed[biradiolites.osensis,pocn_temp_scaled]",0.015836819244831452,1.4154131565589445,-2.9172455096932968,2.9330214884339663
"r_tna_trimmed[biradiolites.lumbricalis,pocn_temp_scaled]",-0.012587680292199973,1.4381428425387743,-2.9671123390813015,2.857050770751372
"r_tna_trimmed[vaccinites.vesiculosus,pocn_temp_scaled]",-0.024098390528052387,1.4008271909502432,-2.921715252461925,2.7900206234083544
"r_tna_trimmed[biradiolites.fissicostatus,pocn_temp_scaled]",0.00392754837602815,1.397071993482673,-2.893432668632878,3.061504122309751
"r_tna_trimmed[praeradiolites.subtoucasi,pocn_temp_scaled]",-0.0025900618691154353,1.452117384881932,-2.9303057580771017,2.929631450494747
"r_tna_trimmed[lapeirousia.laskarevi,pocn_temp_scaled]",0.019006271695961044,1.4942295506821444,-2.7821496822818697,2.724922974365303
"r_tna_trimmed[lapeirousia.plana,pocn_temp_scaled]",-0.041272465531742186,1.4164124410644554,-3.192388373918165,2.7395057005506174
"r_tna_trimmed[lapeirousia.zitteli,pocn_temp_scaled]",0.03583890325142534,1.4224358396920747,-2.7445406730301154,3.176340499062884
"r_tna_trimmed[vaccinites.sulcatus,pocn_temp_scaled]",-0.022228845782381382,1.503086665999906,-3.220470969383548,3.0342210455576732
"r_tna_trimmed[cucullaea.thevestensis,pocn_temp_scaled]",-0.03196555384186089,1.459122790747296,-2.9634508490886247,2.707710038798284
"r_tna_trimmed[indogrammatodon.vancouverensis,pocn_temp_scaled]",0.014992757623485701,1.4367839946168375,-2.8409837587940467,2.9655515388617966
"r_tna_trimmed[callistalox.fragilis,pocn_temp_scaled]",-0.009682861054303245,1.4894637394881753,-3.075783298424547,3.0153655711516154
"r_tna_trimmed[lyriochlamys.traskii,pocn_temp_scaled]",0.01719945914035653,1.4520952721011038,-2.909378217308678,2.9820005610051226
"r_tna_trimmed[clisocolus.dubius,pocn_temp_scaled]",-0.016458641449008764,1.45502968290367,-2.8997011726589497,2.9454296177891357
"r_tna_trimmed[crassatella.mercedensis,pocn_temp_scaled]",-0.004253850954329446,1.436301733405153,-2.8302693009288924,2.8331338887790842
"r_tna_trimmed[crassatella.conradiana,pocn_temp_scaled]",-0.024636928333727975,1.412623040586657,-2.942977867260777,2.649403506853204
"r_tna_trimmed[pholadomya.diegoensis,pocn_temp_scaled]",-0.006575899120667604,1.4722588726217742,-2.919783300079481,2.945946039558967
"r_tna_trimmed[acila.princeps,pocn_temp_scaled]",-0.02499320524264449,1.4191877680539258,-2.842610764261578,2.887649117623942
"r_tna_trimmed[oscillopha.figari,pocn_temp_scaled]",-0.005668297864093182,1.4032498492722616,-2.808755068249884,2.867629211223861
"r_tna_trimmed[agerostrea.rouxi,pocn_temp_scaled]",0.0014817831952287982,1.435788527064661,-2.9251645441709453,3.036162271522717
"r_tna_trimmed[ambigostrea.tripolitana,pocn_temp_scaled]",-0.008273588845540853,1.3649472346677667,-2.9623344236495406,2.779796122952006
"r_tna_trimmed[liostrea.prima,pocn_temp_scaled]",0.009123559183086967,1.4275274406209213,-2.8795970281087553,3.077124866296366
"r_tna_trimmed[calva.bowersiana,pocn_temp_scaled]",0.04640136914025056,1.4028567226808486,-2.729462118162113,3.0033247012510267
"r_tna_trimmed[inoceramus.pembertoni,pocn_temp_scaled]",-0.005662675773484364,1.5077201169528054,-3.1645298573719547,2.9759638042408865
"r_tna_trimmed[inoceramus.whitneyi,pocn_temp_scaled]",0.02138938485295475,1.4466742747329127,-2.9457423998668277,2.907300323122116
"r_tna_trimmed[cymbophora.popenoei,pocn_temp_scaled]",0.03680132751655005,1.4424569291462324,-2.947979006927117,3.103920141531036
"r_tna_trimmed[pholadomya.subelongata,pocn_temp_scaled]",-0.024798787721368374,1.4635226423649896,-2.9368681356221047,2.776131044845727
"r_tna_trimmed[nucula.solitaria,pocn_temp_scaled]",-0.053416163560730805,1.4638384767390453,-3.1771839120841223,2.823812615999291
"r_tna_trimmed[clisocolus.cordatus,pocn_temp_scaled]",8.452918565829482e-4,1.4644394183990286,-2.9642072572334657,2.8716007811051916
"r_tna_trimmed[nemodon.vancouverensis,pocn_temp_scaled]",-0.003597205073319095,1.4197118315106145,-2.917502340807891,3.050188011841055
"r_tna_trimmed[jilinoconcha.songhuaensis,pocn_temp_scaled]",0.009744163911154973,1.47765117836016,-2.99664014934992,2.9449946292202385
"r_tna_trimmed[plicatounio.hunanensis,pocn_temp_scaled]",-0.013679373811813802,1.3770205179191202,-2.9175138326108323,2.9676037699922406
"r_tna_trimmed[baidunoconcha.fuyuensis,pocn_temp_scaled]",-0.010933907526048803,1.473995246122998,-2.9698221652911103,2.948430939002918
"r_tna_trimmed[lucina.colusaensis,pocn_temp_scaled]",0.010618591991850434,1.4079556236922544,-2.8188678061809207,2.915061467266166
"r_tna_trimmed[nymphalucina.panochensis,pocn_temp_scaled]",-0.007351662903296324,1.3783454178701484,-2.9280179913539697,2.9159493368232017
"r_tna_trimmed[idonearca.deatsvillensis,pocn_temp_scaled]",0.02007625706814296,1.4678452304298253,-2.848725221696471,3.000454480480044
"r_tna_trimmed[trigonia.castrovillensis,pocn_temp_scaled]",0.0036404827853136483,1.4218747422803497,-2.8146173267067685,3.0354842162028204
"r_tna_trimmed[pterotrigonia.evansana,pocn_temp_scaled]",0.003544440007772221,1.4024184530569026,-2.7822211706125657,2.9101477752147464
"r_tna_trimmed[cymbophora.gabbiana,pocn_temp_scaled]",0.009612552967545365,1.4800493143552362,-2.966109154482202,2.9877682190421764
"r_tna_trimmed[pachycardium.coronaensis,pocn_temp_scaled]",-0.013627856651258721,1.485979763685161,-2.965966317751803,2.897579356180175
"r_tna_trimmed[nicaisolopha.nicaisei,pocn_temp_scaled]",0.013104459749370427,1.4039226091309023,-2.782466545691112,2.9296669790126164
"r_tna_trimmed[astarte.awensis,pocn_temp_scaled]",-0.007740154736103206,1.4121517252180933,-2.889452509371699,2.9339736388716124
"r_tna_trimmed[inoceramus.coxi,pocn_temp_scaled]",-0.0027009765039834807,1.4088612628211645,-2.771226958103349,2.979201159725393
"r_tna_trimmed[venericardia.crossensis,pocn_temp_scaled]",0.0076218029890140985,1.4997157055019423,-2.8055773910093507,3.0722150210294306
"r_tna_trimmed[agelasina.plenodonta,pocn_temp_scaled]",0.010090279800760129,1.4730874299565329,-2.8774644513720347,3.061579463790977
"r_tna_trimmed[aphrodina.andersoni,pocn_temp_scaled]",-0.006310963119487352,1.4655438094228481,-3.087900373970294,2.8663911533839874
"r_tna_trimmed[costagyra.olisiponensis,pocn_temp_scaled]",-0.010648973809056498,1.4324895369941995,-2.9811702689543105,3.0063964490956656
"r_tna_trimmed[cymbophora.ashburnerii,pocn_temp_scaled]",-0.028306060975034047,1.3877417130962661,-2.901974176790074,2.7248873642224347
"r_tna_trimmed[cucullaea.calabaza,pocn_temp_scaled]",-0.00534464837082625,1.4268731531360492,-2.9643451724597107,2.8877327713536842
"r_tna_trimmed[parallelodon.bremneri,pocn_temp_scaled]",0.004509970750134553,1.4431239948982677,-2.925415008514514,2.9242220190724355
"r_tna_trimmed[lima.appressa,pocn_temp_scaled]",0.048091953825875784,1.4934994568445863,-2.8460113227847983,3.178682752781733
"r_tna_trimmed[mytilus.pauperculus,pocn_temp_scaled]",-0.01820406103832449,1.4004944819469773,-2.968736566459674,2.7130945905369157
"r_tna_trimmed[remondia.shastensis,pocn_temp_scaled]",-0.02392389353707942,1.4629219647036293,-3.0245009463705714,3.0039769783184287
"r_tna_trimmed[yaadia.leana,pocn_temp_scaled]",-0.013644626466130851,1.4046771304315049,-2.874465622056125,2.904332826617484
"r_tna_trimmed[trigonia.inezana,pocn_temp_scaled]",-0.0072277210346858535,1.4679190163911977,-2.9538185060618636,2.853119212464629
"r_tna_trimmed[calva.taffi,pocn_temp_scaled]",-0.00976197137895222,1.4218336392696636,-2.8722308269980443,2.8717162876384217
"r_tna_trimmed[inoceramus.subundatus,pocn_temp_scaled]",0.007163892397571673,1.4507335768241025,-3.039654983563526,3.092985026371615
"r_tna_trimmed[trigonia.churchi,pocn_temp_scaled]",0.0368724104778288,1.4959848884596718,-2.8314652637483446,3.0280125600628525
"r_tna_trimmed[laluzia.peruviana,pocn_temp_scaled]",-0.006256805003886223,1.3960980495289894,-2.8032865772237887,2.8472671337657522
"r_tna_trimmed[calva.marina,pocn_temp_scaled]",-0.00800798206669254,1.4459280887942372,-2.937907449825397,2.8938765925004266
"r_tna_trimmed[calva.baptisia,pocn_temp_scaled]",-0.01490547459065622,1.4551529454262089,-2.9911483300639876,2.874626980220329
"r_tna_trimmed[calva.crassa,pocn_temp_scaled]",0.019847522955681724,1.421560864294964,-2.997221178005835,3.050641801888997
"r_tna_trimmed[caryocorbula.lomana,pocn_temp_scaled]",0.019273241199458387,1.474988373163933,-2.7878970926091733,2.98388918835854
"r_tna_trimmed[eoursivivas.cultriformis,pocn_temp_scaled]",-0.003338795738245948,1.4365814159767183,-2.9240129735004126,2.9094853172340756
"r_tna_trimmed[xenomytilus.fons,pocn_temp_scaled]",0.022412848299236912,1.4034403862589389,-2.7240205873302643,2.9585820343392886
"r_tna_trimmed[loxo.quintense,pocn_temp_scaled]",0.01985501474345973,1.453022956767339,-2.8565169674877238,3.127206142514082
"r_tna_trimmed[astarte.subnana,pocn_temp_scaled]",0.042707927687181776,1.4250861223457838,-2.753822413522556,3.1080231995407672
"r_tna_trimmed[leda.scutula,pocn_temp_scaled]",0.007845108711109909,1.4730374901064012,-2.9798780742044264,2.945560338441325
"r_tna_trimmed[crassatella.bosquetiana,pocn_temp_scaled]",0.01990370631908125,1.4106195183926515,-2.856198599797227,2.8825513570745263
"r_tna_trimmed[roudairia.squiresi,pocn_temp_scaled]",-0.0014171589263039918,1.450039036864921,-2.937067654520874,2.9471423538439625
prior_Intercept,-0.0287962900018486,4.581438592531882,-7.736628326563431,7.678297145901023
prior_sd_fml,2.768796874975003,3.2024450845852295,0.09430421421589348,10.629033959251991
prior_cor_fml,-0.006281304497862386,0.5755321693998344,-0.9480472188799889,0.9479098299249838
prior_sd_tna_trimmed,2.736102525064172,2.97712558044418,0.08738575514909709,10.454760753712874
prior_cor_tna_trimmed,0.0057967117112742795,0.579762163919669,-0.9539178344682866,0.9494689816462967
lprior,-16.337728857431106,2.8785210552437284,-23.234460153924026,-12.268341141952703
lp__,-1047.7028934748162,19.14629273955788,-1086.5472064554042,-1010.7170043005169
